model,horizon_quarters,origin_quarter,target_quarter,train_quarters,origin_n,target_n,prediction,actual,error,abs_error,target_n_ge_5
existing_direct_time,1,2024Q3,2024Q4,2,16,5,43.49025575221157,32.38392346908129,11.106332283130278,11.106332283130278,True
half_damped_time,1,2024Q3,2024Q4,2,16,5,40.77568317691023,32.38392346908129,8.391759707828939,8.391759707828939,True
persistence,1,2024Q3,2024Q4,2,16,5,38.1162613719937,32.38392346908129,5.732337902912413,5.732337902912413,True
existing_direct_time,1,2024Q4,2025Q1,3,5,2,32.06912004928102,30.222182584060665,1.8469374652203534,1.8469374652203534,False
half_damped_time,1,2024Q4,2025Q1,3,5,2,32.22632014375944,30.222182584060665,2.0041375596987727,2.0041375596987727,False
persistence,1,2024Q4,2025Q1,3,5,2,32.38392346908129,30.222182584060665,2.161740885020624,2.161740885020624,False
existing_direct_time,2,2024Q3,2025Q1,2,16,2,49.021726894949744,30.222182584060665,18.79954431088908,18.79954431088908,False
half_damped_time,2,2024Q3,2025Q1,2,16,2,43.49025575221157,30.222182584060665,13.268073168150902,13.268073168150902,False
persistence,2,2024Q3,2025Q1,2,16,2,38.1162613719937,30.222182584060665,7.8940787879330365,7.8940787879330365,False
