source,cost_model,budget,replicate,r_N,r_D,r_Q,Q_state,KKT_rel_error,Q_complementarity_ok,budget_ratio
V1_nominal,exponential,1e+19,-1,2.36240297735e-20,2.36240291249e-20,2.36240308369e-20,interior,7.24691865283e-08,True,1
V1_nominal,exponential,1e+22,-1,7.43925362624e-24,7.43925387533e-24,5.12755209497e-23,upper,3.3484086455e-08,True,1
V1_nominal,exponential,1e+24,-1,3.4934698059e-26,3.49347004563e-26,2.49606019605e-24,upper,6.8622088082e-08,True,1
V1_nominal,power,1e+19,-1,2.16398545289e-20,2.16398548363e-20,1.88452445873e-20,lower,1.42066299718e-08,True,1
V1_nominal,power,1e+22,-1,7.50640239559e-24,7.50640225615e-24,6.39038702614e-23,upper,1.85754695185e-08,True,1
V1_nominal,power,1e+24,-1,3.49865629737e-26,3.49865653855e-26,3.03560121895e-24,upper,6.89344626133e-08,True,1
V1_nominal,logarithmic,1e+19,-1,2.50021005698e-20,2.50021012305e-20,8.20728897768e-20,upper,2.64254309353e-08,True,1
V1_nominal,logarithmic,1e+22,-1,7.13793918115e-24,7.1379389598e-24,5.96514041415e-22,upper,3.10103460373e-08,True,1
V1_nominal,logarithmic,1e+24,-1,3.4721427427e-26,3.47214285996e-26,3.25732728024e-23,upper,3.37711624998e-08,True,1
joint_bootstrap,exponential,1e+19,0,2.3498361181e-20,2.34983629774e-20,2.34983639271e-20,interior,1.16862904147e-07,True,1
joint_bootstrap,exponential,1e+20,0,1.75393739553e-21,1.7539372772e-21,1.75393750077e-21,interior,1.27466037919e-07,True,1
joint_bootstrap,exponential,1e+22,0,7.43890734726e-24,7.43890740407e-24,2.72279123267e-23,upper,7.63756486436e-09,True,1
joint_bootstrap,exponential,1e+24,0,3.49326142955e-26,3.49326130902e-26,1.31437876142e-24,upper,3.45020652843e-08,True,1
joint_bootstrap,exponential,1e+19,1,2.36748459678e-20,2.36748481881e-20,2.36748491293e-20,interior,1.33536463894e-07,True,1
joint_bootstrap,exponential,1e+20,1,1.77813877336e-21,1.77813884777e-21,1.77813898442e-21,interior,1.18695053345e-07,True,1
joint_bootstrap,exponential,1e+22,1,7.43881472035e-24,7.43881445731e-24,4.02441899675e-23,upper,3.53612365932e-08,True,1
joint_bootstrap,exponential,1e+24,1,3.49316642967e-26,3.49316618925e-26,1.95633533346e-24,upper,6.88246989307e-08,True,1
joint_bootstrap,exponential,1e+19,2,2.36592472222e-20,2.36592462969e-20,2.36592491169e-20,interior,1.19192235434e-07,True,1
joint_bootstrap,exponential,1e+20,2,1.79345208834e-21,1.79345327264e-21,1.79345175929e-21,interior,8.43822130166e-07,True,1
joint_bootstrap,exponential,1e+22,2,7.43904515078e-24,7.43904476005e-24,5.8694617556e-23,upper,5.25241389223e-08,True,1
joint_bootstrap,exponential,1e+24,2,3.49307817531e-26,3.49307817497e-26,2.82820036597e-24,upper,9.80809345364e-11,True,1
joint_bootstrap,exponential,1e+19,3,2.35920110282e-20,2.35920136386e-20,2.35920151351e-20,interior,1.74079995337e-07,True,1
joint_bootstrap,exponential,1e+20,3,1.78685141209e-21,1.78685192293e-21,1.78685204141e-21,interior,3.52195918212e-07,True,1
joint_bootstrap,exponential,1e+22,3,7.43934596915e-24,7.43934624173e-24,5.65410896377e-23,upper,3.66408078472e-08,True,1
joint_bootstrap,exponential,1e+24,3,3.49332855007e-26,3.49332842961e-26,2.72026557894e-24,upper,3.44834083217e-08,True,1
joint_bootstrap,exponential,1e+19,4,2.36531850816e-20,2.36531863267e-20,2.36531850499e-20,interior,5.39799630825e-08,True,1
joint_bootstrap,exponential,1e+20,4,1.76881424399e-21,1.76881384954e-21,1.76881401794e-21,interior,2.23004902408e-07,True,1
joint_bootstrap,exponential,1e+22,4,7.43926630916e-24,7.4392665582e-24,3.3097287843e-23,upper,3.34759814164e-08,True,1
joint_bootstrap,exponential,1e+24,4,3.49348022194e-26,3.49348035254e-26,1.60431718022e-24,upper,3.73846731068e-08,True,1
joint_bootstrap,exponential,1e+19,5,2.35256777807e-20,2.35256785419e-20,2.35256816676e-20,interior,1.65223125653e-07,True,1
joint_bootstrap,exponential,1e+20,5,1.78379153357e-21,1.78379199554e-21,1.78379195055e-21,interior,2.58979923192e-07,True,1
joint_bootstrap,exponential,1e+22,5,7.43947079243e-24,7.43947124977e-24,4.93848362775e-23,upper,6.14737348896e-08,True,1
joint_bootstrap,exponential,1e+24,5,3.49382607794e-26,3.49382595762e-26,2.44005769945e-24,upper,3.44384966867e-08,True,1
joint_bootstrap,exponential,1e+19,6,2.36789140463e-20,2.36789139146e-20,2.36789171747e-20,interior,1.37679640087e-07,True,1
joint_bootstrap,exponential,1e+20,6,1.78755591788e-21,1.78755591177e-21,1.78755596842e-21,interior,3.16937315991e-08,True,1
joint_bootstrap,exponential,1e+22,6,7.43951936259e-24,7.43951961098e-24,4.71631535623e-23,upper,3.3387212588e-08,True,1
joint_bootstrap,exponential,1e+24,6,3.49371264011e-26,3.49371277653e-26,2.31025610729e-24,upper,3.90490015255e-08,True,1
joint_bootstrap,exponential,1e+19,7,2.36367821999e-20,2.36367870982e-20,2.36367852553e-20,interior,2.07232336716e-07,True,1
joint_bootstrap,exponential,1e+20,7,1.77298851124e-21,1.77298846791e-21,1.77298819101e-21,interior,1.80618313381e-07,True,1
joint_bootstrap,exponential,1e+22,7,7.43856540681e-24,7.43856527154e-24,3.78398642086e-23,upper,1.81846485887e-08,True,1
joint_bootstrap,exponential,1e+24,7,3.49289103185e-26,3.49289091096e-26,1.83393344223e-24,upper,3.46097622325e-08,True,1
joint_bootstrap,exponential,1e+19,8,2.38462076357e-20,2.3846207856e-20,2.38462098321e-20,interior,9.21037551982e-08,True,1
joint_bootstrap,exponential,1e+20,8,1.78439873581e-21,1.78439853957e-21,1.78439894947e-21,interior,2.29713212909e-07,True,1
joint_bootstrap,exponential,1e+22,8,7.43976297428e-24,7.43976315588e-24,4.31883691236e-23,upper,2.44097510611e-08,True,1
joint_bootstrap,exponential,1e+24,8,3.49390670673e-26,3.4939068267e-26,2.05361796224e-24,upper,3.43371040118e-08,True,1
joint_bootstrap,exponential,1e+19,9,2.4194861365e-20,2.4194864216e-20,2.41948680794e-20,interior,2.77513658468e-07,True,1
joint_bootstrap,exponential,1e+20,9,1.79355872992e-21,1.79355849726e-21,1.79355855612e-21,interior,1.29720609077e-07,True,1
joint_bootstrap,exponential,1e+22,9,7.43929580696e-24,7.43929541657e-24,4.76335336482e-23,upper,5.24771168726e-08,True,1
joint_bootstrap,exponential,1e+24,9,3.49330660597e-26,3.49330660582e-26,2.14671110882e-24,upper,4.41651715716e-11,True,1
joint_bootstrap,exponential,1e+19,10,2.3632129159e-20,2.36321297977e-20,2.3632130663e-20,interior,6.36415386155e-08,True,1
joint_bootstrap,exponential,1e+20,10,1.80575971509e-21,1.80575938002e-21,1.80575423359e-21,interior,3.03556449151e-06,True,1
joint_bootstrap,exponential,1e+22,10,7.43898878671e-24,7.4389889073e-24,6.03627218266e-23,upper,1.62101271526e-08,True,1
joint_bootstrap,exponential,1e+24,10,3.4929795117e-26,3.49297975115e-26,3.01776368152e-24,upper,6.85519255533e-08,True,1
joint_bootstrap,exponential,1e+19,11,2.35710395666e-20,2.35710475063e-20,2.35710500435e-20,interior,4.44482573697e-07,True,1
joint_bootstrap,exponential,1e+20,11,1.78470767765e-21,1.78470948229e-21,1.78470824297e-21,interior,1.01116352295e-06,True,1
joint_bootstrap,exponential,1e+22,11,7.43953075038e-24,7.43953120795e-24,4.88543883085e-23,upper,6.15051820457e-08,True,1
joint_bootstrap,exponential,1e+24,11,3.49363170181e-26,3.49363170158e-26,2.40376870015e-24,upper,6.64574709756e-11,True,1
joint_bootstrap,exponential,1e+19,12,2.36393907534e-20,2.36393923307e-20,2.363939223e-20,interior,6.67236755422e-08,True,1
joint_bootstrap,exponential,1e+20,12,1.77427814856e-21,1.77427859438e-21,1.77427867798e-21,interior,2.98386297247e-07,True,1
joint_bootstrap,exponential,1e+22,12,7.43835801086e-24,7.43835775929e-24,3.99272680996e-23,upper,3.38212220342e-08,True,1
joint_bootstrap,exponential,1e+24,12,3.4928114318e-26,3.4928115678e-26,1.92804889819e-24,upper,3.89370760485e-08,True,1
joint_bootstrap,exponential,1e+19,13,2.36430294209e-20,2.36430304578e-20,2.36430311121e-20,interior,7.15296723999e-08,True,1
joint_bootstrap,exponential,1e+20,13,1.84765434123e-21,1.84765434442e-21,3.08262036502e-21,upper,1.73120270553e-09,True,1
joint_bootstrap,exponential,1e+22,13,7.43905662234e-24,7.43905623161e-24,9.16183990236e-23,upper,5.25236775014e-08,True,1
joint_bootstrap,exponential,1e+24,13,3.49304960966e-26,3.49304948935e-26,4.50347413745e-24,upper,3.44423363687e-08,True,1
joint_bootstrap,exponential,1e+19,14,2.3621463884e-20,2.36214625422e-20,2.36214649789e-20,interior,1.0315226247e-07,True,1
joint_bootstrap,exponential,1e+20,14,1.77936497245e-21,1.77936547207e-21,1.7793656363e-21,interior,3.73081996071e-07,True,1
joint_bootstrap,exponential,1e+22,14,7.43978957745e-24,7.43978969776e-24,4.49450309462e-23,upper,1.61712491541e-08,True,1
joint_bootstrap,exponential,1e+24,14,3.49360678977e-26,3.49360654937e-26,2.17740051616e-24,upper,6.88126721967e-08,True,1
joint_bootstrap,exponential,1e+19,15,2.36721968925e-20,2.36721942436e-20,2.36721938268e-20,interior,1.29506582818e-07,True,1
joint_bootstrap,exponential,1e+20,15,1.80146078947e-21,1.8014615122e-21,1.80146034026e-21,interior,6.5055339352e-07,True,1
joint_bootstrap,exponential,1e+22,15,7.4389662613e-24,7.43896633417e-24,6.03035024618e-23,upper,9.79607747477e-09,True,1
joint_bootstrap,exponential,1e+24,15,3.49336750708e-26,3.4933675068e-26,2.95629191278e-24,upper,8.06208419809e-11,True,1
joint_bootstrap,exponential,1e+19,16,2.34950262931e-20,2.34950254477e-20,2.34950248511e-20,interior,6.13716312896e-08,True,1
joint_bootstrap,exponential,1e+20,16,1.77440699638e-21,1.77440701436e-21,1.77440695907e-21,interior,3.11555356886e-08,True,1
joint_bootstrap,exponential,1e+22,16,7.43952000905e-24,7.43951985609e-24,4.46065834425e-23,upper,2.05602530079e-08,True,1
joint_bootstrap,exponential,1e+24,16,3.49342206741e-26,3.49342206676e-26,2.17771007964e-24,upper,1.85791611943e-10,True,1
joint_bootstrap,exponential,1e+19,17,2.38090103633e-20,2.38090098392e-20,2.38090099839e-20,interior,2.20103695695e-08,True,1
joint_bootstrap,exponential,1e+20,17,1.84766857005e-21,1.84766857178e-21,2.99550786329e-21,upper,9.38476805638e-10,True,1
joint_bootstrap,exponential,1e+22,17,7.4395196329e-24,7.43951902143e-24,8.80340357421e-23,upper,8.21923494817e-08,True,1
joint_bootstrap,exponential,1e+24,17,3.49341660769e-26,3.49341675054e-26,4.2705945861e-24,upper,4.08929765708e-08,True,1
joint_bootstrap,exponential,1e+19,18,2.3626148745e-20,2.36261501764e-20,2.36261532467e-20,interior,1.90541503062e-07,True,1
joint_bootstrap,exponential,1e+20,18,1.78471530047e-21,1.78471511052e-21,1.78471543161e-21,interior,1.79912153219e-07,True,1
joint_bootstrap,exponential,1e+22,18,7.43926798253e-24,7.43926811199e-24,4.89684822846e-23,upper,1.74028391758e-08,True,1
joint_bootstrap,exponential,1e+24,18,3.49357001956e-26,3.49357001926e-26,2.38344813782e-24,upper,8.39503467434e-11,True,1
joint_bootstrap,exponential,1e+19,19,2.43263932641e-20,2.43263951013e-20,2.43263953891e-20,interior,8.73530074176e-08,True,1
joint_bootstrap,exponential,1e+20,19,1.8204262199e-21,1.82042618136e-21,1.82042627169e-21,interior,4.96213519058e-08,True,1
joint_bootstrap,exponential,1e+22,19,7.43903840827e-24,7.43903801778e-24,6.1661182966e-23,upper,5.24928357614e-08,True,1
joint_bootstrap,exponential,1e+24,19,3.4931114e-26,3.49311163989e-26,2.79880536143e-24,upper,6.86733207478e-08,True,1
joint_bootstrap,exponential,1e+19,20,2.36529716704e-20,2.36529732672e-20,2.36529656725e-20,interior,3.21087413878e-07,True,1
joint_bootstrap,exponential,1e+20,20,1.78998719579e-21,1.78998716188e-21,1.789987179e-21,interior,1.89435895957e-08,True,1
joint_bootstrap,exponential,1e+22,20,7.43676400065e-24,7.43676393972e-24,5.53624447253e-23,upper,8.19375499902e-09,True,1
joint_bootstrap,exponential,1e+24,20,3.49146975353e-26,3.49146975258e-26,2.67087226141e-24,upper,2.73292862732e-10,True,1
joint_bootstrap,exponential,1e+19,21,2.35735944672e-20,2.35735939735e-20,2.35735952941e-20,interior,5.60182427579e-08,True,1
joint_bootstrap,exponential,1e+20,21,1.7776031523e-21,1.77760326195e-21,1.77760369091e-21,interior,3.0300247402e-07,True,1
joint_bootstrap,exponential,1e+22,21,7.4388764438e-24,7.43887669212e-24,4.2091376674e-23,upper,3.33809625851e-08,True,1
joint_bootstrap,exponential,1e+24,21,3.49330106446e-26,3.49330118392e-26,2.06843626488e-24,upper,3.41963927638e-08,True,1
joint_bootstrap,exponential,1e+19,22,2.38938922837e-20,2.38938937591e-20,2.38938937324e-20,interior,6.17488675665e-08,True,1
joint_bootstrap,exponential,1e+20,22,1.80097886249e-21,1.80097956138e-21,1.80097976889e-21,interior,5.0327848671e-07,True,1
joint_bootstrap,exponential,1e+22,22,7.43938799833e-24,7.43938773533e-24,5.89035431826e-23,upper,3.53521833796e-08,True,1
joint_bootstrap,exponential,1e+24,22,3.49353757379e-26,3.49353733315e-26,2.77595147503e-24,upper,6.88820815835e-08,True,1
joint_bootstrap,exponential,1e+19,23,2.36120552007e-20,2.36120578792e-20,2.36120489645e-20,interior,3.7754784899e-07,True,1
joint_bootstrap,exponential,1e+20,23,1.79308895991e-21,1.79308898496e-21,1.79308903776e-21,interior,4.34180735743e-08,True,1
joint_bootstrap,exponential,1e+22,23,7.43906573966e-24,7.43906612764e-24,5.64177063599e-23,upper,5.21547333609e-08,True,1
joint_bootstrap,exponential,1e+24,23,3.49335162991e-26,3.49335186962e-26,2.76029877428e-24,upper,6.86197567247e-08,True,1
joint_bootstrap,exponential,1e+19,24,2.36856016866e-20,2.36856036425e-20,2.36855987127e-20,interior,2.08133899552e-07,True,1
joint_bootstrap,exponential,1e+20,24,1.77210474804e-21,1.77210465986e-21,1.77210442424e-21,interior,1.8272471113e-07,True,1
joint_bootstrap,exponential,1e+22,24,7.43927986317e-24,7.43927972858e-24,3.6840086031e-23,upper,1.80914036253e-08,True,1
joint_bootstrap,exponential,1e+24,24,3.49362537713e-26,3.49362537737e-26,1.76901777376e-24,upper,6.6780752042e-11,True,1
joint_bootstrap,exponential,1e+19,25,2.36599568052e-20,2.365994736e-20,2.36599207435e-20,interior,1.52416744361e-06,True,1
joint_bootstrap,exponential,1e+20,25,1.8475976955e-21,1.84759765052e-21,3.33162130336e-21,upper,2.43450363022e-08,True,1
joint_bootstrap,exponential,1e+22,25,7.43936224272e-24,7.4393627012e-24,9.84714767038e-23,upper,6.16286365984e-08,True,1
joint_bootstrap,exponential,1e+24,25,3.49355815404e-26,3.49355791316e-26,4.80932561704e-24,upper,6.89509308054e-08,True,1
joint_bootstrap,exponential,1e+19,26,2.36149136741e-20,2.3614914975e-20,2.3614914925e-20,interior,5.508848156e-08,True,1
joint_bootstrap,exponential,1e+20,26,1.76551793158e-21,1.7655178387e-21,1.76551785838e-21,interior,5.26040694319e-08,True,1
joint_bootstrap,exponential,1e+22,26,7.43912477795e-24,7.43912498927e-24,3.37256831458e-23,upper,2.840573482e-08,True,1
joint_bootstrap,exponential,1e+24,26,3.4930070423e-26,3.49300728223e-26,1.61928594134e-24,upper,6.86879585541e-08,True,1
joint_bootstrap,exponential,1e+19,27,2.36881792079e-20,2.36881781134e-20,2.36881854424e-20,interior,3.09396286992e-07,True,1
joint_bootstrap,exponential,1e+20,27,1.77446726209e-21,1.77446704931e-21,1.77446720279e-21,interior,1.19915576195e-07,True,1
joint_bootstrap,exponential,1e+22,27,7.43946728368e-24,7.43946786944e-24,3.64689313777e-23,upper,7.87367629697e-08,True,1
joint_bootstrap,exponential,1e+24,27,3.49393046711e-26,3.49393034668e-26,1.77143463776e-24,upper,3.44674121409e-08,True,1
joint_bootstrap,exponential,1e+19,28,2.36685520668e-20,2.36685484953e-20,2.36685439506e-20,interior,3.42911065504e-07,True,1
joint_bootstrap,exponential,1e+20,28,1.79071816553e-21,1.79071790961e-21,1.79071801684e-21,interior,1.42913077364e-07,True,1
joint_bootstrap,exponential,1e+22,28,7.43942567923e-24,7.4394259061e-24,5.40834830943e-23,upper,3.04951841989e-08,True,1
joint_bootstrap,exponential,1e+24,28,3.49362664513e-26,3.49362652423e-26,2.61812274042e-24,upper,3.46060858027e-08,True,1
joint_bootstrap,exponential,1e+19,29,2.36214175998e-20,2.36214154434e-20,2.36214154559e-20,interior,9.1292266953e-08,True,1
joint_bootstrap,exponential,1e+20,29,1.76834052531e-21,1.76834030067e-21,1.76834044588e-21,interior,1.27035956228e-07,True,1
joint_bootstrap,exponential,1e+22,29,7.43946424617e-24,7.43946470463e-24,3.70702728538e-23,upper,6.16257015505e-08,True,1
joint_bootstrap,exponential,1e+24,29,3.49335784443e-26,3.49335798544e-26,1.77332976858e-24,upper,4.03644546905e-08,True,1
joint_bootstrap,exponential,1e+19,30,2.35690707085e-20,2.35690697644e-20,2.35690712008e-20,interior,6.09433770498e-08,True,1
joint_bootstrap,exponential,1e+20,30,1.80054184943e-21,1.8005413845e-21,1.80053999109e-21,interior,1.03210546257e-06,True,1
joint_bootstrap,exponential,1e+22,30,7.43967096845e-24,7.43967108925e-24,6.45000321991e-23,upper,1.62371679062e-08,True,1
joint_bootstrap,exponential,1e+24,30,3.49354403295e-26,3.49354403276e-26,3.16954831068e-24,upper,5.27809219516e-11,True,1
joint_bootstrap,exponential,1e+19,31,2.36301844685e-20,2.36301842091e-20,2.36301887524e-20,interior,1.92265007088e-07,True,1
joint_bootstrap,exponential,1e+20,31,1.78190193119e-21,1.7819020103e-21,1.78190210708e-21,interior,9.87113833978e-08,True,1
joint_bootstrap,exponential,1e+22,31,7.43933962641e-24,7.43933987513e-24,4.36212784744e-23,upper,3.3432142498e-08,True,1
joint_bootstrap,exponential,1e+24,31,3.49319240445e-26,3.49319228368e-26,2.14051124178e-24,upper,3.45751086993e-08,True,1
joint_bootstrap,exponential,1e+19,32,2.39053132281e-20,2.39053132907e-20,2.39053141859e-20,interior,4.00643486672e-08,True,1
joint_bootstrap,exponential,1e+20,32,1.79930108182e-21,1.79930089808e-21,1.79930115228e-21,interior,1.4127904566e-07,True,1
joint_bootstrap,exponential,1e+22,32,7.43959009552e-24,7.43959068308e-24,5.82711770873e-23,upper,7.89778552871e-08,True,1
joint_bootstrap,exponential,1e+24,32,3.49374685273e-26,3.49374661225e-26,2.73204966752e-24,upper,6.883060873e-08,True,1
joint_bootstrap,exponential,1e+19,33,2.36132061339e-20,2.36132049129e-20,2.36132028868e-20,interior,1.37510685712e-07,True,1
joint_bootstrap,exponential,1e+20,33,1.76804948297e-21,1.76804949453e-21,1.76804941915e-21,interior,4.2630279417e-08,True,1
joint_bootstrap,exponential,1e+22,33,7.43811113722e-24,7.43811054247e-24,3.51770493903e-23,upper,7.99603675769e-08,True,1
joint_bootstrap,exponential,1e+24,33,3.49269120697e-26,3.49269108637e-26,1.69861033492e-24,upper,3.45284150575e-08,True,1
joint_bootstrap,exponential,1e+19,34,2.37210461449e-20,2.3721045101e-20,2.37210467291e-20,interior,6.86378253926e-08,True,1
joint_bootstrap,exponential,1e+20,34,1.76270189037e-21,1.7627021229e-21,1.76270184564e-21,interior,1.57292766025e-07,True,1
joint_bootstrap,exponential,1e+22,34,7.4389374756e-24,7.43893772433e-24,2.90951501035e-23,upper,3.34349398376e-08,True,1
joint_bootstrap,exponential,1e+24,34,3.49322108154e-26,3.49322120131e-26,1.38012204125e-24,upper,3.4288315159e-08,True,1
joint_bootstrap,exponential,1e+19,35,2.36720598195e-20,2.36720596426e-20,2.36720598357e-20,interior,8.15565891153e-09,True,1
joint_bootstrap,exponential,1e+20,35,1.84753878297e-21,1.84753878363e-21,2.69124639468e-21,upper,3.56082906756e-10,True,1
joint_bootstrap,exponential,1e+22,35,7.43824023145e-24,7.43824068958e-24,8.034309683e-23,upper,6.15907874164e-08,True,1
joint_bootstrap,exponential,1e+24,35,3.49273342513e-26,3.49273357525e-26,3.97019586089e-24,upper,4.29802387032e-08,True,1
joint_bootstrap,exponential,1e+19,36,2.3647474642e-20,2.36474776227e-20,2.36474779968e-20,interior,1.41865463633e-07,True,1
joint_bootstrap,exponential,1e+20,36,1.78810940614e-21,1.78810987748e-21,1.78811010776e-21,interior,3.92378080169e-07,True,1
joint_bootstrap,exponential,1e+22,36,7.43982136977e-24,7.43982162368e-24,5.15141899882e-23,upper,3.41286605388e-08,True,1
joint_bootstrap,exponential,1e+24,36,3.49386559193e-26,3.49386547187e-26,2.50306936781e-24,upper,3.43648301564e-08,True,1
joint_bootstrap,exponential,1e+19,37,2.36016306335e-20,2.36016313366e-20,2.36016333251e-20,interior,1.14043930312e-07,True,1
joint_bootstrap,exponential,1e+20,37,1.78185215619e-21,1.78185259344e-21,1.78185261339e-21,interior,2.56591865036e-07,True,1
joint_bootstrap,exponential,1e+22,37,7.43925746632e-24,7.43925733094e-24,4.91647261759e-23,upper,1.8197878998e-08,True,1
joint_bootstrap,exponential,1e+24,37,3.49348436213e-26,3.49348460231e-26,2.37832148467e-24,upper,6.87515014715e-08,True,1
joint_bootstrap,exponential,1e+19,38,2.35514527517e-20,2.35514520896e-20,2.35514528944e-20,interior,3.41728673715e-08,True,1
joint_bootstrap,exponential,1e+20,38,1.80098243242e-21,1.80098206301e-21,1.80098091138e-21,interior,8.44564047634e-07,True,1
joint_bootstrap,exponential,1e+22,38,7.43903795651e-24,7.43903782152e-24,6.52795878905e-23,upper,1.81457125718e-08,True,1
joint_bootstrap,exponential,1e+24,38,3.49338878638e-26,3.4933886667e-26,3.21581884213e-24,upper,3.42583366718e-08,True,1
joint_bootstrap,exponential,1e+19,39,2.36551719111e-20,2.36551707483e-20,2.36551724636e-20,interior,7.25120288101e-08,True,1
joint_bootstrap,exponential,1e+20,39,1.81875656629e-21,1.81875630491e-21,1.81875595152e-21,interior,3.38015061191e-07,True,1
joint_bootstrap,exponential,1e+22,39,7.43882021351e-24,7.43882080038e-24,7.34484147882e-23,upper,7.88922748997e-08,True,1
joint_bootstrap,exponential,1e+24,39,3.49318750423e-26,3.49318774357e-26,3.60757939363e-24,upper,6.85179714398e-08,True,1
joint_bootstrap,exponential,1e+19,40,2.38154532756e-20,2.3815451022e-20,2.38154517478e-20,interior,9.46280680519e-08,True,1
joint_bootstrap,exponential,1e+20,40,1.81049532361e-21,1.81049963394e-21,1.81050299524e-21,interior,4.23730403542e-06,True,1
joint_bootstrap,exponential,1e+22,40,7.43910346295e-24,7.43910307231e-24,6.10035342982e-23,upper,5.25129015576e-08,True,1
joint_bootstrap,exponential,1e+24,40,3.49307877345e-26,3.49307865305e-26,2.98048373296e-24,upper,3.44663670527e-08,True,1
joint_bootstrap,exponential,1e+19,41,2.35497608698e-20,2.35497600858e-20,2.35497611261e-20,interior,4.41747554746e-08,True,1
joint_bootstrap,exponential,1e+20,41,1.84754355129e-21,1.8475435094e-21,3.04068388277e-21,upper,2.26698516746e-08,True,1
joint_bootstrap,exponential,1e+22,41,7.43790058125e-24,7.43790032598e-24,9.0677040348e-23,upper,3.43196498352e-08,True,1
joint_bootstrap,exponential,1e+24,41,3.4924452307e-26,3.49244511028e-26,4.47517700168e-24,upper,3.44814855579e-08,True,1
joint_bootstrap,exponential,1e+19,42,2.34440411796e-20,2.34440398631e-20,2.34440386875e-20,interior,1.06297153319e-07,True,1
joint_bootstrap,exponential,1e+20,42,1.75501097696e-21,1.75501106502e-21,1.75501089312e-21,interior,9.79435444377e-08,True,1
joint_bootstrap,exponential,1e+22,42,7.43906309791e-24,7.43906336392e-24,3.24196177714e-23,upper,3.57587041112e-08,True,1
joint_bootstrap,exponential,1e+24,42,3.49332222761e-26,3.49332209312e-26,1.55265679724e-24,upper,3.8499558718e-08,True,1
joint_bootstrap,exponential,1e+19,43,2.41256487885e-20,2.41256601754e-20,2.41256635975e-20,interior,6.13827750991e-07,True,1
joint_bootstrap,exponential,1e+20,43,1.84766626221e-21,1.84766626344e-21,3.34201088553e-21,upper,6.65802588856e-10,True,1
joint_bootstrap,exponential,1e+22,43,7.43915339772e-24,7.43915326261e-24,9.51976316299e-23,upper,1.81624736433e-08,True,1
joint_bootstrap,exponential,1e+24,43,3.49308218066e-26,3.49308242044e-26,4.45163886962e-24,upper,6.86451451906e-08,True,1
joint_bootstrap,exponential,1e+19,44,2.35590120222e-20,2.35590115016e-20,2.35590123973e-20,interior,3.80195654467e-08,True,1
joint_bootstrap,exponential,1e+20,44,1.79488675209e-21,1.79488722718e-21,1.79488655436e-21,interior,3.74857994731e-07,True,1
joint_bootstrap,exponential,1e+22,44,7.4391270393e-24,7.43912728812e-24,5.55238622841e-23,upper,3.34481425011e-08,True,1
joint_bootstrap,exponential,1e+24,44,3.49344263232e-26,3.49344263221e-26,2.7681826014e-24,upper,3.13357466715e-11,True,1
joint_bootstrap,exponential,1e+19,45,2.38139730289e-20,2.38139730077e-20,2.38139701001e-20,interior,1.22988799746e-07,True,1
joint_bootstrap,exponential,1e+20,45,1.77485148002e-21,1.77485133825e-21,1.77485148129e-21,interior,8.05964519925e-08,True,1
joint_bootstrap,exponential,1e+22,45,7.43884506166e-24,7.43884518205e-24,3.60514915125e-23,upper,1.61845760487e-08,True,1
joint_bootstrap,exponential,1e+24,45,3.493099817e-26,3.49309995411e-26,1.71124449713e-24,upper,3.92533692853e-08,True,1
joint_bootstrap,exponential,1e+19,46,2.36389645992e-20,2.36389660795e-20,2.3638966237e-20,interior,6.92829547109e-08,True,1
joint_bootstrap,exponential,1e+20,46,1.76479987884e-21,1.76479952418e-21,1.76479956485e-21,interior,2.00961661595e-07,True,1
joint_bootstrap,exponential,1e+22,46,7.43941180584e-24,7.43941192673e-24,3.15185316179e-23,upper,1.62505091749e-08,True,1
joint_bootstrap,exponential,1e+24,46,3.49355368435e-26,3.49355368389e-26,1.51704403839e-24,upper,1.31836194834e-10,True,1
joint_bootstrap,exponential,1e+19,47,2.36078197004e-20,2.36078203048e-20,2.36078243917e-20,interior,1.98720259161e-07,True,1
joint_bootstrap,exponential,1e+20,47,1.796164591e-21,1.79616512263e-21,1.79616504073e-21,interior,2.95978095619e-07,True,1
joint_bootstrap,exponential,1e+22,47,7.43983983078e-24,7.43984002624e-24,4.91757581635e-23,upper,2.62727968512e-08,True,1
joint_bootstrap,exponential,1e+24,47,3.49469665984e-26,3.49469653926e-26,2.49775181005e-24,upper,3.45029936991e-08,True,1
joint_bootstrap,exponential,1e+19,48,2.3698776434e-20,2.36987749367e-20,2.36987780761e-20,interior,1.32471021927e-07,True,1
joint_bootstrap,exponential,1e+20,48,1.78661549793e-21,1.78661529016e-21,1.7866153714e-21,interior,1.16290889104e-07,True,1
joint_bootstrap,exponential,1e+22,48,7.43908477391e-24,7.43908523266e-24,4.6278922173e-23,upper,6.16678671616e-08,True,1
joint_bootstrap,exponential,1e+24,48,3.49314406926e-26,3.49314418934e-26,2.2572654905e-24,upper,3.43743143173e-08,True,1
joint_bootstrap,exponential,1e+19,49,2.36145827048e-20,2.36145787907e-20,2.36145794658e-20,interior,1.65750900164e-07,True,1
joint_bootstrap,exponential,1e+20,49,1.79574259598e-21,1.79574315916e-21,1.79574329811e-21,interior,3.90997397544e-07,True,1
joint_bootstrap,exponential,1e+22,49,7.43903542838e-24,7.43903589799e-24,5.9231200272e-23,upper,6.31279300874e-08,True,1
joint_bootstrap,exponential,1e+24,49,3.49342196296e-26,3.4934217221e-26,2.89470320586e-24,upper,6.89472086639e-08,True,1
joint_bootstrap,exponential,1e+19,50,2.3666798969e-20,2.36667990829e-20,2.36668003279e-20,interior,5.74202075129e-08,True,1
joint_bootstrap,exponential,1e+20,50,1.80651589531e-21,1.8065151926e-21,1.8065157819e-21,interior,3.88985715501e-07,True,1
joint_bootstrap,exponential,1e+22,50,7.43964334309e-24,7.43964308055e-24,6.54577844636e-23,upper,3.52900852957e-08,True,1
joint_bootstrap,exponential,1e+24,50,3.4937870314e-26,3.49378691069e-26,3.20194668033e-24,upper,3.45495732244e-08,True,1
joint_bootstrap,exponential,1e+19,51,2.35765834945e-20,2.35765812213e-20,2.35765813359e-20,interior,9.64196673445e-08,True,1
joint_bootstrap,exponential,1e+20,51,1.84761533032e-21,1.84761537938e-21,2.95247654941e-21,upper,2.65528447538e-08,True,1
joint_bootstrap,exponential,1e+22,51,7.43901559207e-24,7.43901617921e-24,8.85523867584e-23,upper,7.89268648935e-08,True,1
joint_bootstrap,exponential,1e+24,51,3.49333020819e-26,3.49333044776e-26,4.39993306599e-24,upper,6.85793922336e-08,True,1
joint_bootstrap,exponential,1e+19,52,2.38648762444e-20,2.38648781125e-20,2.3864877548e-20,interior,7.82807864097e-08,True,1
joint_bootstrap,exponential,1e+20,52,1.78762598069e-21,1.78762595669e-21,1.78762569286e-21,interior,1.61009564928e-07,True,1
joint_bootstrap,exponential,1e+22,52,7.43914259826e-24,7.43914271919e-24,4.95266193314e-23,upper,1.62560275061e-08,True,1
joint_bootstrap,exponential,1e+24,52,3.49342697395e-26,3.4934269738e-26,2.31884543503e-24,upper,4.23241412698e-11,True,1
joint_bootstrap,exponential,1e+19,53,2.3549827963e-20,2.35498287228e-20,2.35498308029e-20,interior,1.20593733857e-07,True,1
joint_bootstrap,exponential,1e+20,53,1.77901270705e-21,1.77901303795e-21,1.77901313901e-21,interior,2.4280841786e-07,True,1
joint_bootstrap,exponential,1e+22,53,7.4395293455e-24,7.43952933857e-24,4.55102380822e-23,upper,9.31695881296e-10,True,1
joint_bootstrap,exponential,1e+24,53,3.4936296225e-26,3.493629862e-26,2.2291902679e-24,upper,6.85527101199e-08,True,1
joint_bootstrap,exponential,1e+19,54,2.36053069467e-20,2.36053124292e-20,2.36053085195e-20,interior,2.32259101675e-07,True,1
joint_bootstrap,exponential,1e+20,54,1.79225115343e-21,1.79225214393e-21,1.79224695239e-21,interior,2.89666023331e-06,True,1
joint_bootstrap,exponential,1e+22,54,7.43941752169e-24,7.43941743793e-24,5.58081587825e-23,upper,1.12585496175e-08,True,1
joint_bootstrap,exponential,1e+24,54,3.49358289562e-26,3.49358288013e-26,2.73258139849e-24,upper,4.43401226248e-09,True,1
joint_bootstrap,exponential,1e+19,55,2.3876114617e-20,2.3876110664e-20,2.38761176716e-20,interior,2.93500924947e-07,True,1
joint_bootstrap,exponential,1e+20,55,1.79706194191e-21,1.79706217709e-21,1.79706235842e-21,interior,2.31767913799e-07,True,1
joint_bootstrap,exponential,1e+22,55,7.43848892779e-24,7.43848892061e-24,5.53049069743e-23,upper,9.65577955872e-10,True,1
joint_bootstrap,exponential,1e+24,55,3.4928965462e-26,3.49289666579e-26,2.61603012816e-24,upper,3.42389224275e-08,True,1
joint_bootstrap,exponential,1e+19,56,2.37927828504e-20,2.37927818217e-20,2.37927814686e-20,interior,5.80778396838e-08,True,1
joint_bootstrap,exponential,1e+20,56,1.7526287552e-21,1.75262858493e-21,1.75262848955e-21,interior,1.5156890146e-07,True,1
joint_bootstrap,exponential,1e+22,56,7.43802612021e-24,7.43802630927e-24,2.2424007534e-23,upper,2.54183929901e-08,True,1
joint_bootstrap,exponential,1e+24,56,3.49252272396e-26,3.49252248311e-26,1.03554340632e-24,upper,6.89602849919e-08,True,1
joint_bootstrap,exponential,1e+19,57,2.38824346453e-20,2.38824353227e-20,2.38824321913e-20,interior,1.31118080165e-07,True,1
joint_bootstrap,exponential,1e+20,57,1.8040539241e-21,1.80405470512e-21,1.80405530108e-21,interior,7.63267268074e-07,True,1
joint_bootstrap,exponential,1e+22,57,7.43950492386e-24,7.43950458349e-24,6.03909933189e-23,upper,4.57506497653e-08,True,1
joint_bootstrap,exponential,1e+24,57,3.49369768378e-26,3.49369792332e-26,2.86470850751e-24,upper,6.85634144632e-08,True,1
joint_bootstrap,exponential,1e+19,58,2.35729415956e-20,2.35729444067e-20,2.35729466123e-20,interior,2.12818243851e-07,True,1
joint_bootstrap,exponential,1e+20,58,1.79509068345e-21,1.79509032578e-21,1.7950889905e-21,interior,9.43100582166e-07,True,1
joint_bootstrap,exponential,1e+22,58,7.43864811325e-24,7.43864823391e-24,6.06131200941e-23,upper,1.62207117487e-08,True,1
joint_bootstrap,exponential,1e+24,58,3.49282893261e-26,3.49282893288e-26,2.96607007082e-24,upper,7.8803309445e-11,True,1
joint_bootstrap,exponential,1e+19,59,2.3506270616e-20,2.35062695417e-20,2.35062706302e-20,interior,4.63087283446e-08,True,1
joint_bootstrap,exponential,1e+20,59,1.77472462564e-21,1.77472458415e-21,1.7747246106e-21,interior,2.33773324783e-08,True,1
joint_bootstrap,exponential,1e+22,59,7.43939924887e-24,7.43939949718e-24,4.30673582049e-23,upper,3.33774695847e-08,True,1
joint_bootstrap,exponential,1e+24,59,3.49366209937e-26,3.49366185876e-26,2.11331957146e-24,upper,6.88701316189e-08,True,1
joint_bootstrap,exponential,1e+19,60,2.36259594761e-20,2.36259600604e-20,2.36259584391e-20,interior,6.8622809301e-08,True,1
joint_bootstrap,exponential,1e+20,60,1.78828524047e-21,1.78828587269e-21,1.78828601895e-21,interior,4.35319812936e-07,True,1
joint_bootstrap,exponential,1e+22,60,7.43884028487e-24,7.43883974833e-24,5.28438824504e-23,upper,7.21278285411e-08,True,1
joint_bootstrap,exponential,1e+24,60,3.49302967631e-26,3.49302943546e-26,2.56883368855e-24,upper,6.89513875708e-08,True,1
joint_bootstrap,exponential,1e+19,61,2.35950748602e-20,2.35950780867e-20,2.35950726535e-20,interior,2.30269094334e-07,True,1
joint_bootstrap,exponential,1e+20,61,1.78665573011e-21,1.78665580302e-21,1.78665593434e-21,interior,1.14308024504e-07,True,1
joint_bootstrap,exponential,1e+22,61,7.43874416129e-24,7.43874474928e-24,5.49452608091e-23,upper,7.90433605669e-08,True,1
joint_bootstrap,exponential,1e+24,61,3.49311472202e-26,3.49311451383e-26,2.65427434859e-24,upper,5.95993728627e-08,True,1
joint_bootstrap,exponential,1e+19,62,2.35949636204e-20,2.35949653083e-20,2.3594964318e-20,interior,7.15369247086e-08,True,1
joint_bootstrap,exponential,1e+20,62,1.77955091744e-21,1.77955111593e-21,1.77955112033e-21,interior,1.14015180838e-07,True,1
joint_bootstrap,exponential,1e+22,62,7.43923489778e-24,7.43923438493e-24,3.95077057126e-23,upper,6.89387077576e-08,True,1
joint_bootstrap,exponential,1e+24,62,3.49438428932e-26,3.49438428915e-26,1.96895766012e-24,upper,4.84248220204e-11,True,1
joint_bootstrap,exponential,1e+19,63,2.35426109492e-20,2.3542613161e-20,2.35426133792e-20,interior,1.03218883499e-07,True,1
joint_bootstrap,exponential,1e+20,63,1.80148794214e-21,1.80148724207e-21,1.80148642637e-21,interior,8.41404225741e-07,True,1
joint_bootstrap,exponential,1e+22,63,7.43820242976e-24,7.43820267827e-24,6.48581705371e-23,upper,3.34092081695e-08,True,1
joint_bootstrap,exponential,1e+24,63,3.49268444294e-26,3.4926846821e-26,3.20901377269e-24,upper,6.84722684434e-08,True,1
joint_bootstrap,exponential,1e+19,64,2.3581017279e-20,2.3581017751e-20,2.35810183191e-20,interior,4.41056247362e-08,True,1
joint_bootstrap,exponential,1e+20,64,1.77649792817e-21,1.77649760261e-21,1.77649847611e-21,interior,4.91698620396e-07,True,1
joint_bootstrap,exponential,1e+22,64,7.43934610422e-24,7.43934616178e-24,3.97620999795e-23,upper,7.73748817792e-09,True,1
joint_bootstrap,exponential,1e+24,64,3.49332855007e-26,3.49332842961e-26,1.95974304206e-24,upper,3.4482570694e-08,True,1
joint_bootstrap,exponential,1e+19,65,2.39034136499e-20,2.39034128286e-20,2.39034087694e-20,interior,2.04174924323e-07,True,1
joint_bootstrap,exponential,1e+20,65,1.801711208e-21,1.80171157888e-21,1.80171172155e-21,interior,2.85037700589e-07,True,1
joint_bootstrap,exponential,1e+22,65,7.43904974753e-24,7.43904992845e-24,6.04354624342e-23,upper,2.43202889841e-08,True,1
joint_bootstrap,exponential,1e+24,65,3.49333792516e-26,3.49333806311e-26,2.83510455386e-24,upper,3.94894945253e-08,True,1
joint_bootstrap,exponential,1e+19,66,2.35789458324e-20,2.35789463566e-20,2.35789532749e-20,interior,3.15640780554e-07,True,1
joint_bootstrap,exponential,1e+20,66,1.77535073524e-21,1.77535087703e-21,1.77535126374e-21,interior,2.97687517945e-07,True,1
joint_bootstrap,exponential,1e+22,66,7.4397471471e-24,7.4397477344e-24,4.16309423943e-23,upper,7.8940661746e-08,True,1
joint_bootstrap,exponential,1e+24,66,3.49394533895e-26,3.49394521842e-26,2.02919447947e-24,upper,3.44963419808e-08,True,1
joint_bootstrap,exponential,1e+19,67,2.43782914164e-20,2.43783169789e-20,2.43783289892e-20,interior,1.54123897862e-06,True,1
joint_bootstrap,exponential,1e+20,67,1.84760416033e-21,1.84760416406e-21,3.48329322018e-21,upper,2.01560826789e-09,True,1
joint_bootstrap,exponential,1e+22,67,7.43938950157e-24,7.43938911086e-24,9.58429996029e-23,upper,5.25188370727e-08,True,1
joint_bootstrap,exponential,1e+24,67,3.49369046806e-26,3.49369033561e-26,4.30355425785e-24,upper,3.79116915992e-08,True,1
joint_bootstrap,exponential,1e+19,68,2.38705550239e-20,2.387055354e-20,2.38705537111e-20,interior,6.21656313258e-08,True,1
joint_bootstrap,exponential,1e+20,68,1.78798719519e-21,1.78798787554e-21,1.78798805444e-21,interior,4.80569166099e-07,True,1
joint_bootstrap,exponential,1e+22,68,7.43963709722e-24,7.43963689628e-24,5.03111702697e-23,upper,2.70083684075e-08,True,1
joint_bootstrap,exponential,1e+24,68,3.4938158211e-26,3.49381595927e-26,2.34925075918e-24,upper,3.95452508545e-08,True,1
joint_bootstrap,exponential,1e+19,69,2.36629823064e-20,2.36629820021e-20,2.36629837819e-20,interior,7.52137253525e-08,True,1
joint_bootstrap,exponential,1e+20,69,1.76502873814e-21,1.76502867975e-21,1.76502882091e-21,interior,7.99715798116e-08,True,1
joint_bootstrap,exponential,1e+22,69,7.43941349329e-24,7.43941336094e-24,3.38818397869e-23,upper,1.77902591282e-08,True,1
joint_bootstrap,exponential,1e+24,69,3.49356926254e-26,3.49356902137e-26,1.60681534077e-24,upper,6.90313147747e-08,True,1
joint_bootstrap,exponential,1e+19,70,2.36962421892e-20,2.36962424296e-20,2.36962401668e-20,interior,9.5489099919e-08,True,1
joint_bootstrap,exponential,1e+20,70,1.78199924323e-21,1.78199914155e-21,1.78199923923e-21,interior,5.70606567229e-08,True,1
joint_bootstrap,exponential,1e+22,70,7.43868829138e-24,7.43868811513e-24,4.19124423914e-23,upper,2.36939551878e-08,True,1
joint_bootstrap,exponential,1e+24,70,3.49313620804e-26,3.49313620762e-26,2.04628648256e-24,upper,1.18030991444e-10,True,1
joint_bootstrap,exponential,1e+19,71,2.36714201626e-20,2.3671417112e-20,2.36714184164e-20,interior,1.28873513006e-07,True,1
joint_bootstrap,exponential,1e+20,71,1.80153396404e-21,1.80153393718e-21,1.80153396447e-21,interior,1.5153254157e-08,True,1
joint_bootstrap,exponential,1e+22,71,7.43965025445e-24,7.43965050275e-24,6.34462487047e-23,upper,3.33758457532e-08,True,1
joint_bootstrap,exponential,1e+24,71,3.49356461833e-26,3.49356473814e-26,3.07733960456e-24,upper,3.42935207446e-08,True,1
joint_bootstrap,exponential,1e+19,72,2.36179690698e-20,2.3617969359e-20,2.3617970238e-20,interior,4.94623199259e-08,True,1
joint_bootstrap,exponential,1e+20,72,1.79902741662e-21,1.79902712172e-21,1.79902720952e-21,interior,1.63925004464e-07,True,1
joint_bootstrap,exponential,1e+22,72,7.43950153048e-24,7.4395017791e-24,6.11492469694e-23,upper,3.34188940421e-08,True,1
joint_bootstrap,exponential,1e+24,72,3.49375926633e-26,3.49375914559e-26,2.99774322604e-24,upper,3.45589056391e-08,True,1
joint_bootstrap,exponential,1e+19,73,2.36380591196e-20,2.36380568245e-20,2.36380576069e-20,interior,9.70940280106e-08,True,1
joint_bootstrap,exponential,1e+20,73,1.77657366384e-21,1.77657377236e-21,1.77657402318e-21,interior,2.02265236558e-07,True,1
joint_bootstrap,exponential,1e+22,73,7.43895980343e-24,7.43896003445e-24,4.60408341047e-23,upper,3.1054394936e-08,True,1
joint_bootstrap,exponential,1e+24,73,3.49326240463e-26,3.49326240339e-26,2.1927897505e-24,upper,3.54385960177e-10,True,1
joint_bootstrap,exponential,1e+19,74,2.41500102068e-20,2.41500091857e-20,2.41500105205e-20,interior,5.52720032766e-08,True,1
joint_bootstrap,exponential,1e+20,74,1.81580045655e-21,1.81580039366e-21,1.81580053075e-21,interior,7.54975630311e-08,True,1
joint_bootstrap,exponential,1e+22,74,7.43910729115e-24,7.43910690028e-24,6.23361364444e-23,upper,5.25425636753e-08,True,1
joint_bootstrap,exponential,1e+24,74,3.49315193617e-26,3.49315193584e-26,2.88381012994e-24,upper,9.27690742912e-11,True,1
joint_bootstrap,exponential,1e+19,75,2.36008447082e-20,2.36008474147e-20,2.36008486607e-20,interior,1.67473450682e-07,True,1
joint_bootstrap,exponential,1e+20,75,1.7860504296e-21,1.78605052416e-21,1.78605056292e-21,interior,7.46472342313e-08,True,1
joint_bootstrap,exponential,1e+22,75,7.43957260665e-24,7.43957290173e-24,4.45224011899e-23,upper,3.9663818924e-08,True,1
joint_bootstrap,exponential,1e+24,75,3.49348929557e-26,3.49348905516e-26,2.22326677756e-24,upper,6.88167997159e-08,True,1
joint_bootstrap,exponential,1e+19,76,2.37199580295e-20,2.37199565931e-20,2.3719956083e-20,interior,8.2062703865e-08,True,1
joint_bootstrap,exponential,1e+20,76,1.76726364426e-21,1.76726342157e-21,1.76726397544e-21,interior,3.13405067816e-07,True,1
joint_bootstrap,exponential,1e+22,76,7.43894535568e-24,7.43894523973e-24,3.30480890973e-23,upper,1.55860963676e-08,True,1
joint_bootstrap,exponential,1e+24,76,3.49332952454e-26,3.49332940352e-26,1.57011279859e-24,upper,3.46428620637e-08,True,1
joint_bootstrap,exponential,1e+19,77,2.38514219374e-20,2.38514216833e-20,2.38514219338e-20,interior,1.06535375333e-08,True,1
joint_bootstrap,exponential,1e+20,77,1.79321557012e-21,1.79321529785e-21,1.79321558033e-21,interior,1.57525279495e-07,True,1
joint_bootstrap,exponential,1e+22,77,7.43920644995e-24,7.43920638137e-24,5.26360389394e-23,upper,9.21964578412e-09,True,1
joint_bootstrap,exponential,1e+24,77,3.49351126285e-26,3.49351138294e-26,2.49298290405e-24,upper,3.43730392652e-08,True,1
joint_bootstrap,exponential,1e+19,78,2.36310051122e-20,2.36310018918e-20,2.36310003679e-20,interior,2.00763066336e-07,True,1
joint_bootstrap,exponential,1e+20,78,1.81093710808e-21,1.81093753343e-21,1.81093752882e-21,interior,2.34881238444e-07,True,1
joint_bootstrap,exponential,1e+22,78,7.43896889499e-24,7.4389691435e-24,6.75983119883e-23,upper,3.3406614846e-08,True,1
joint_bootstrap,exponential,1e+24,78,3.49342857968e-26,3.49342869936e-26,3.34381523843e-24,upper,3.42594780236e-08,True,1
joint_bootstrap,exponential,1e+19,79,2.3591572958e-20,2.35915725605e-20,2.35915722886e-20,interior,2.83745313393e-08,True,1
joint_bootstrap,exponential,1e+20,79,1.79079417676e-21,1.79079472193e-21,1.79079037329e-21,interior,2.4283314244e-06,True,1
joint_bootstrap,exponential,1e+22,79,7.43895538583e-24,7.43895479559e-24,5.91070057507e-23,upper,7.93442829825e-08,True,1
joint_bootstrap,exponential,1e+24,79,3.49290635439e-26,3.49290655545e-26,2.8570331923e-24,upper,5.75623868554e-08,True,1
joint_bootstrap,exponential,1e+19,80,2.35645852405e-20,2.35645862862e-20,2.35645858574e-20,interior,4.43742071674e-08,True,1
joint_bootstrap,exponential,1e+20,80,1.78580155121e-21,1.78580199984e-21,1.7858020977e-21,interior,3.06018744927e-07,True,1
joint_bootstrap,exponential,1e+22,80,7.4393014305e-24,7.43930155119e-24,5.15746856402e-23,upper,1.62245385615e-08,True,1
joint_bootstrap,exponential,1e+24,80,3.493342241e-26,3.4933421202e-26,2.5261074517e-24,upper,3.45815791908e-08,True,1
joint_bootstrap,exponential,1e+19,81,2.35932223766e-20,2.35932191052e-20,2.35932189111e-20,interior,1.4688291141e-07,True,1
joint_bootstrap,exponential,1e+20,81,1.79625627006e-21,1.79625676678e-21,1.79625339788e-21,interior,1.87551032826e-06,True,1
joint_bootstrap,exponential,1e+22,81,7.43892488418e-24,7.43892534217e-24,6.34776770967e-23,upper,6.15675527886e-08,True,1
joint_bootstrap,exponential,1e+24,81,3.49337912947e-26,3.49337912888e-26,3.07895582575e-24,upper,1.69909432811e-10,True,1
joint_bootstrap,exponential,1e+19,82,2.37617863995e-20,2.37617827585e-20,2.37617849836e-20,interior,1.53226611794e-07,True,1
joint_bootstrap,exponential,1e+20,82,1.77907633064e-21,1.77907613772e-21,1.77907619722e-21,interior,1.08442075854e-07,True,1
joint_bootstrap,exponential,1e+22,82,7.43938662086e-24,7.43938720853e-24,4.04134996019e-23,upper,7.89942826866e-08,True,1
joint_bootstrap,exponential,1e+24,82,3.49363142429e-26,3.49363163276e-26,1.935967932e-24,upper,5.96699298355e-08,True,1
joint_bootstrap,exponential,1e+19,83,2.35876140664e-20,2.35876154442e-20,2.3587614847e-20,interior,5.84133218772e-08,True,1
joint_bootstrap,exponential,1e+20,83,1.75445831273e-21,1.75445833975e-21,1.75445838915e-21,interior,4.35585866043e-08,True,1
joint_bootstrap,exponential,1e+22,83,7.43809795455e-24,7.43809849901e-24,2.63609164203e-23,upper,7.31995285979e-08,True,1
joint_bootstrap,exponential,1e+24,83,3.49175859613e-26,3.49175871588e-26,1.25532360235e-24,upper,3.42960832073e-08,True,1
joint_bootstrap,exponential,1e+19,84,2.35751216307e-20,2.35751175262e-20,2.35751169879e-20,interior,1.9693662702e-07,True,1
joint_bootstrap,exponential,1e+20,84,1.80469915092e-21,1.8046979428e-21,1.80469603225e-21,interior,1.72808253514e-06,True,1
joint_bootstrap,exponential,1e+22,84,7.43942288089e-24,7.43942346832e-24,6.48611073834e-23,upper,7.89617906731e-08,True,1
joint_bootstrap,exponential,1e+24,84,3.49367124865e-26,3.49367100777e-26,3.21738377098e-24,upper,6.89479456745e-08,True,1
joint_bootstrap,exponential,1e+19,85,2.35621328154e-20,2.35621323378e-20,2.35621223898e-20,interior,4.42470894713e-07,True,1
joint_bootstrap,exponential,1e+20,85,1.7888616733e-21,1.78886234158e-21,1.78886098267e-21,interior,7.59652176612e-07,True,1
joint_bootstrap,exponential,1e+22,85,7.43928602243e-24,7.43928575991e-24,5.56358231082e-23,upper,3.5287771972e-08,True,1
joint_bootstrap,exponential,1e+24,85,3.49316928716e-26,3.49316945622e-26,2.71724892407e-24,upper,4.83971457084e-08,True,1
joint_bootstrap,exponential,1e+19,86,2.35136020009e-20,2.35136023082e-20,2.35136049555e-20,interior,1.2565215246e-07,True,1
joint_bootstrap,exponential,1e+20,86,1.75868703419e-21,1.75868720913e-21,1.75868732977e-21,interior,1.68070530539e-07,True,1
joint_bootstrap,exponential,1e+22,86,7.43947389264e-24,7.43947388538e-24,3.12217252861e-23,upper,9.76596376147e-10,True,1
joint_bootstrap,exponential,1e+24,86,3.49360484833e-26,3.49360472739e-26,1.50443397694e-24,upper,3.46176485497e-08,True,1
joint_bootstrap,exponential,1e+19,87,2.40480922696e-20,2.40480900043e-20,2.40480859855e-20,interior,2.61314691065e-07,True,1
joint_bootstrap,exponential,1e+20,87,1.80014666061e-21,1.80014717628e-21,1.80014742126e-21,interior,4.22552285416e-07,True,1
joint_bootstrap,exponential,1e+22,87,7.43937915571e-24,7.43937931357e-24,5.45529304797e-23,upper,2.12195863035e-08,True,1
joint_bootstrap,exponential,1e+24,87,3.49360066277e-26,3.49360042224e-26,2.5272237277e-24,upper,6.88484707717e-08,True,1
joint_bootstrap,exponential,1e+19,88,2.36127932536e-20,2.36127946727e-20,2.36127958419e-20,interior,1.09612710574e-07,True,1
joint_bootstrap,exponential,1e+20,88,1.79187142968e-21,1.79187148106e-21,1.79187149658e-21,interior,3.73396900906e-08,True,1
joint_bootstrap,exponential,1e+22,88,7.43941304116e-24,7.43941362867e-24,5.0399587889e-23,upper,7.89730112429e-08,True,1
joint_bootstrap,exponential,1e+24,88,3.49356911207e-26,3.49356913894e-26,2.50780989027e-24,upper,7.69278387691e-09,True,1
joint_bootstrap,exponential,1e+19,89,2.35389697169e-20,2.35389689809e-20,2.35389727638e-20,interior,1.607103556e-07,True,1
joint_bootstrap,exponential,1e+20,89,1.77965572775e-21,1.77965554473e-21,1.77965562625e-21,interior,1.0283664821e-07,True,1
joint_bootstrap,exponential,1e+22,89,7.43925746632e-24,7.43925733094e-24,4.3950024992e-23,upper,1.81976554106e-08,True,1
joint_bootstrap,exponential,1e+24,89,3.49348436213e-26,3.49348460231e-26,2.17541391304e-24,upper,6.87517991792e-08,True,1
joint_bootstrap,exponential,1e+19,90,2.38215221942e-20,2.38215219257e-20,2.38215205614e-20,interior,6.8544150471e-08,True,1
joint_bootstrap,exponential,1e+20,90,1.77450440263e-21,1.77450482497e-21,1.77450512931e-21,interior,4.09513979368e-07,True,1
joint_bootstrap,exponential,1e+22,90,7.43911791041e-24,7.43911764751e-24,3.8247065814e-23,upper,3.53400140622e-08,True,1
joint_bootstrap,exponential,1e+24,90,3.49337965074e-26,3.49337977012e-26,1.79253695077e-24,upper,3.41735714335e-08,True,1
joint_bootstrap,exponential,1e+19,91,2.36994141311e-20,2.36994147481e-20,2.36994168138e-20,interior,1.13194192265e-07,True,1
joint_bootstrap,exponential,1e+20,91,1.84758102448e-21,1.84758102538e-21,2.67083759238e-21,upper,4.8207643126e-10,True,1
joint_bootstrap,exponential,1e+22,91,7.4390529768e-24,7.43905252125e-24,7.87409858671e-23,upper,6.12381372059e-08,True,1
joint_bootstrap,exponential,1e+24,91,3.49313057122e-26,3.49313081102e-26,3.83386831622e-24,upper,6.86502014169e-08,True,1
joint_bootstrap,exponential,1e+19,92,2.41494953048e-20,2.41494969565e-20,2.41494984805e-20,interior,1.31502149995e-07,True,1
joint_bootstrap,exponential,1e+20,92,1.81572829883e-21,1.81572789687e-21,1.81572796906e-21,interior,2.213760604e-07,True,1
joint_bootstrap,exponential,1e+22,92,7.43963422862e-24,7.43963396552e-24,6.25557106174e-23,upper,3.53639420289e-08,True,1
joint_bootstrap,exponential,1e+24,92,3.49354265843e-26,3.493542538e-26,2.89111178559e-24,upper,3.44741106456e-08,True,1
joint_bootstrap,exponential,1e+19,93,2.37887667862e-20,2.3788766108e-20,2.37887670247e-20,interior,3.85340211944e-08,True,1
joint_bootstrap,exponential,1e+20,93,1.80097300089e-21,1.80097562562e-21,1.80097717403e-21,interior,2.31715734373e-06,True,1
joint_bootstrap,exponential,1e+22,93,7.44005628953e-24,7.44005625777e-24,5.98184514991e-23,upper,4.26878769207e-09,True,1
joint_bootstrap,exponential,1e+24,93,3.49412141104e-26,3.49412129057e-26,2.86805864483e-24,upper,3.44771155561e-08,True,1
joint_bootstrap,exponential,1e+19,94,2.35728503434e-20,2.35728476861e-20,2.35728491421e-20,interior,1.1272757539e-07,True,1
joint_bootstrap,exponential,1e+20,94,1.84760829512e-21,1.84760825182e-21,3.03433497029e-21,upper,2.34334048272e-08,True,1
joint_bootstrap,exponential,1e+22,94,7.4386978589e-24,7.43869810737e-24,9.04180946026e-23,upper,3.34021307322e-08,True,1
joint_bootstrap,exponential,1e+24,94,3.49304751864e-26,3.49304751826e-26,4.45846920934e-24,upper,1.08632184492e-10,True,1
joint_bootstrap,exponential,1e+19,95,2.36549360923e-20,2.36549387954e-20,2.36549354387e-20,interior,1.41900407468e-07,True,1
joint_bootstrap,exponential,1e+20,95,1.77947971054e-21,1.77948006374e-21,1.77948005817e-21,interior,1.98486180559e-07,True,1
joint_bootstrap,exponential,1e+22,95,7.43930547143e-24,7.43930540168e-24,4.67597891063e-23,upper,9.37493389869e-09,True,1
joint_bootstrap,exponential,1e+24,95,3.49351738e-26,3.49351725927e-26,2.23801543101e-24,upper,3.45578294988e-08,True,1
joint_bootstrap,exponential,1e+19,96,2.37110528018e-20,2.37110527911e-20,2.37110544188e-20,interior,6.86454344925e-08,True,1
joint_bootstrap,exponential,1e+20,96,1.79205086185e-21,1.79205032218e-21,1.79205049223e-21,interior,3.01150483155e-07,True,1
joint_bootstrap,exponential,1e+22,96,7.43915897861e-24,7.43915873915e-24,5.30343018202e-23,upper,3.21890797747e-08,True,1
joint_bootstrap,exponential,1e+24,96,3.49327290989e-26,3.4932727896e-26,2.56640388523e-24,upper,3.44361011223e-08,True,1
joint_bootstrap,exponential,1e+19,97,2.36600252281e-20,2.36600251107e-20,2.36600261934e-20,interior,4.57598913517e-08,True,1
joint_bootstrap,exponential,1e+20,97,1.76631259956e-21,1.766312853e-21,1.76631286844e-21,interior,1.52230697905e-07,True,1
joint_bootstrap,exponential,1e+22,97,7.43861868795e-24,7.43861842535e-24,3.31812208317e-23,upper,3.53021927134e-08,True,1
joint_bootstrap,exponential,1e+24,97,3.49303474407e-26,3.49303486411e-26,1.58860798383e-24,upper,3.43666393603e-08,True,1
joint_bootstrap,exponential,1e+19,98,2.36034630761e-20,2.36034577038e-20,2.36034544065e-20,interior,3.67302972491e-07,True,1
joint_bootstrap,exponential,1e+20,98,1.77010840924e-21,1.77010841123e-21,1.77010841694e-21,interior,4.34851339069e-09,True,1
joint_bootstrap,exponential,1e+22,98,7.43930960396e-24,7.43930972482e-24,3.59033443781e-23,upper,1.62454607767e-08,True,1
joint_bootstrap,exponential,1e+24,98,3.49361431446e-26,3.49361455405e-26,1.74602568652e-24,upper,6.85808006029e-08,True,1
joint_bootstrap,exponential,1e+19,99,2.35333725682e-20,2.35333757994e-20,2.35333771973e-20,interior,1.96704092507e-07,True,1
joint_bootstrap,exponential,1e+20,99,1.76269052212e-21,1.7626906966e-21,1.76269084743e-21,interior,1.84555630309e-07,True,1
joint_bootstrap,exponential,1e+22,99,7.43936166803e-24,7.43936127729e-24,3.24153054306e-23,upper,5.25238191e-08,True,1
joint_bootstrap,exponential,1e+24,99,3.49359275126e-26,3.4935928714e-26,1.57405067789e-24,upper,3.43907202766e-08,True,1
joint_bootstrap,exponential,1e+19,100,2.36341201475e-20,2.36341221071e-20,2.36341190062e-20,interior,1.31206248173e-07,True,1
joint_bootstrap,exponential,1e+20,100,1.80036839632e-21,1.80036922612e-21,1.80036469753e-21,interior,2.51536870045e-06,True,1
joint_bootstrap,exponential,1e+22,100,7.43919000465e-24,7.43918974164e-24,6.26312846008e-23,upper,3.53547897413e-08,True,1
joint_bootstrap,exponential,1e+24,100,3.49351938367e-26,3.49351938377e-26,3.05815349764e-24,upper,2.88467927564e-11,True,1
joint_bootstrap,exponential,1e+19,101,2.38450479283e-20,2.38450462642e-20,2.38450419939e-20,interior,2.48873338961e-07,True,1
joint_bootstrap,exponential,1e+20,101,1.80200516225e-21,1.80200703489e-21,1.80200886314e-21,interior,2.0537611375e-06,True,1
joint_bootstrap,exponential,1e+22,101,7.43872246813e-24,7.43872258885e-24,6.0494002226e-23,upper,1.62297408622e-08,True,1
joint_bootstrap,exponential,1e+24,101,3.49314901164e-26,3.49314877095e-26,2.87231832649e-24,upper,6.89052302728e-08,True,1
joint_bootstrap,exponential,1e+19,102,2.36121756549e-20,2.36121802559e-20,2.36121805415e-20,interior,2.06949270166e-07,True,1
joint_bootstrap,exponential,1e+20,102,1.79792165223e-21,1.79792168165e-21,1.79791733205e-21,interior,2.41923771439e-06,True,1
joint_bootstrap,exponential,1e+22,102,7.43943606475e-24,7.43943652256e-24,5.83180789999e-23,upper,6.15382868798e-08,True,1
joint_bootstrap,exponential,1e+24,102,3.49365654535e-26,3.49365678485e-26,2.87905376497e-24,upper,6.85548839112e-08,True,1
joint_bootstrap,exponential,1e+19,103,2.35002980392e-20,2.35002973984e-20,2.35002982348e-20,interior,3.55881147805e-08,True,1
joint_bootstrap,exponential,1e+20,103,1.77442638988e-21,1.77442611835e-21,1.77442628931e-21,interior,1.53020737762e-07,True,1
joint_bootstrap,exponential,1e+22,103,7.43956981503e-24,7.43956930836e-24,4.32152573346e-23,upper,6.81041434986e-08,True,1
joint_bootstrap,exponential,1e+24,103,3.4938243577e-26,3.49382447776e-26,2.12002181314e-24,upper,3.43638521187e-08,True,1
joint_bootstrap,exponential,1e+19,104,2.3881760216e-20,2.38817585468e-20,2.38817622257e-20,interior,1.54048670638e-07,True,1
joint_bootstrap,exponential,1e+20,104,1.78353073005e-21,1.78353089068e-21,1.78353095374e-21,interior,1.25416744219e-07,True,1
joint_bootstrap,exponential,1e+22,104,7.43871956395e-24,7.4387202619e-24,4.14866696125e-23,upper,9.38271480732e-08,True,1
joint_bootstrap,exponential,1e+24,104,3.4930767545e-26,3.49307663436e-26,1.96621395298e-24,upper,3.43917159094e-08,True,1
joint_bootstrap,exponential,1e+19,105,2.37110136685e-20,2.37110163162e-20,2.37110158713e-20,interior,1.1166400925e-07,True,1
joint_bootstrap,exponential,1e+20,105,1.77404547441e-21,1.77404541065e-21,1.77404536895e-21,interior,5.94450133112e-08,True,1
joint_bootstrap,exponential,1e+22,105,7.43988179517e-24,7.43988163591e-24,3.79108058437e-23,upper,2.14065208271e-08,True,1
joint_bootstrap,exponential,1e+24,105,3.49371559814e-26,3.49371571811e-26,1.81605120991e-24,upper,3.4338092825e-08,True,1
joint_bootstrap,exponential,1e+19,106,2.36985624486e-20,2.36985667284e-20,2.36985681545e-20,interior,2.40769399012e-07,True,1
joint_bootstrap,exponential,1e+20,106,1.7712381613e-21,1.77123821003e-21,1.77123838498e-21,interior,1.26285046675e-07,True,1
joint_bootstrap,exponential,1e+22,106,7.43970323674e-24,7.43970310186e-24,3.47542658133e-23,upper,1.81296065966e-08,True,1
joint_bootstrap,exponential,1e+24,106,3.49381175602e-26,3.49381170539e-26,1.67312520188e-24,upper,1.44916692913e-08,True,1
joint_bootstrap,exponential,1e+19,107,2.36451663646e-20,2.36451670983e-20,2.36451659105e-20,interior,5.02319649177e-08,True,1
joint_bootstrap,exponential,1e+20,107,1.79169776513e-21,1.79169786219e-21,1.79169811582e-21,interior,1.95730336253e-07,True,1
joint_bootstrap,exponential,1e+22,107,7.43896889499e-24,7.4389691435e-24,5.48173447116e-23,upper,3.3407000016e-08,True,1
joint_bootstrap,exponential,1e+24,107,3.49342857968e-26,3.49342869936e-26,2.66839278388e-24,upper,3.42600565255e-08,True,1
joint_bootstrap,exponential,1e+19,108,2.36202663067e-20,2.36202660566e-20,2.36202639245e-20,interior,1.00852659577e-07,True,1
joint_bootstrap,exponential,1e+20,108,1.79163251251e-21,1.79163276135e-21,1.79163288252e-21,interior,2.06518865308e-07,True,1
joint_bootstrap,exponential,1e+22,108,7.43800709766e-24,7.43800734591e-24,5.4993844748e-23,upper,3.3375445986e-08,True,1
joint_bootstrap,exponential,1e+24,108,3.49200930188e-26,3.49200906124e-26,2.6855309745e-24,upper,6.89118108747e-08,True,1
joint_bootstrap,exponential,1e+19,109,2.36753967277e-20,2.36753956917e-20,2.36753966657e-20,interior,4.37548518298e-08,True,1
joint_bootstrap,exponential,1e+20,109,1.81000940575e-21,1.81000971737e-21,1.81000900082e-21,interior,3.95880044883e-07,True,1
joint_bootstrap,exponential,1e+22,109,7.43954160503e-24,7.43954151787e-24,7.1538552631e-23,upper,1.17158631233e-08,True,1
joint_bootstrap,exponential,1e+24,109,3.49364094269e-26,3.49364131958e-26,3.45579125132e-24,upper,1.07880424529e-07,True,1
joint_bootstrap,exponential,1e+19,110,2.37643682826e-20,2.37643693858e-20,2.37643692503e-20,interior,4.64260865645e-08,True,1
joint_bootstrap,exponential,1e+20,110,1.77075441522e-21,1.7707546287e-21,1.77075484898e-21,interior,2.4495313191e-07,True,1
joint_bootstrap,exponential,1e+22,110,7.43841352114e-24,7.43841380091e-24,3.40584011728e-23,upper,3.76114276206e-08,True,1
joint_bootstrap,exponential,1e+24,110,3.49288692076e-26,3.49288704027e-26,1.61961598206e-24,upper,3.42152350415e-08,True,1
joint_bootstrap,exponential,1e+19,111,2.36673132043e-20,2.36673150552e-20,2.36673140825e-20,interior,7.82059101614e-08,True,1
joint_bootstrap,exponential,1e+20,111,1.84756282844e-21,1.84756283221e-21,3.03016310361e-21,upper,2.03801604298e-09,True,1
joint_bootstrap,exponential,1e+22,111,7.43927065562e-24,7.43927090043e-24,8.96524456028e-23,upper,3.29071975298e-08,True,1
joint_bootstrap,exponential,1e+24,111,3.49352427812e-26,3.49352415709e-26,4.38376379511e-24,upper,3.46462218138e-08,True,1
joint_bootstrap,exponential,1e+19,112,2.35997699439e-20,2.35997696578e-20,2.35997644045e-20,interior,2.34723267779e-07,True,1
joint_bootstrap,exponential,1e+20,112,1.79293326538e-21,1.79293388741e-21,1.79292991926e-21,interior,2.21321906906e-06,True,1
joint_bootstrap,exponential,1e+22,112,7.43861868795e-24,7.43861842535e-24,5.63454390467e-23,upper,3.53027874833e-08,True,1
joint_bootstrap,exponential,1e+24,112,3.49303489694e-26,3.49303474467e-26,2.76308841328e-24,upper,4.35912379666e-08,True,1
joint_bootstrap,exponential,1e+19,113,2.38858191368e-20,2.38858162028e-20,2.38858088528e-20,interior,4.30546671284e-07,True,1
joint_bootstrap,exponential,1e+20,113,1.80842015988e-21,1.80842031945e-21,1.80842076866e-21,interior,3.36641166651e-07,True,1
joint_bootstrap,exponential,1e+22,113,7.43940525015e-24,7.43940498722e-24,6.28795583007e-23,upper,3.5343708543e-08,True,1
joint_bootstrap,exponential,1e+24,113,3.4933118765e-26,3.4933118763e-26,2.99295863913e-24,upper,5.6785278991e-11,True,1
joint_bootstrap,exponential,1e+19,114,2.37572408278e-20,2.37572453607e-20,2.37572377801e-20,interior,3.19087053499e-07,True,1
joint_bootstrap,exponential,1e+20,114,1.79711277794e-21,1.79711276456e-21,1.79711284495e-21,interior,4.47332846669e-08,True,1
joint_bootstrap,exponential,1e+22,114,7.43920274624e-24,7.43920280912e-24,5.6236756419e-23,upper,8.45161192649e-09,True,1
joint_bootstrap,exponential,1e+24,114,3.49319513035e-26,3.49319488963e-26,2.71269100415e-24,upper,6.89107418463e-08,True,1
joint_bootstrap,exponential,1e+19,115,2.35759963511e-20,2.3575997437e-20,2.35759988961e-20,interior,1.07950666899e-07,True,1
joint_bootstrap,exponential,1e+20,115,1.77664279227e-21,1.77664291143e-21,1.77664291578e-21,interior,6.95185138099e-08,True,1
joint_bootstrap,exponential,1e+22,115,7.43926185448e-24,7.43926212649e-24,4.27208001774e-23,upper,3.65645208335e-08,True,1
joint_bootstrap,exponential,1e+24,115,3.49350869597e-26,3.49350857473e-26,2.08546558474e-24,upper,3.47036125447e-08,True,1
joint_bootstrap,exponential,1e+19,116,2.36129733531e-20,2.36129751376e-20,2.36129744015e-20,interior,7.55734126013e-08,True,1
joint_bootstrap,exponential,1e+20,116,1.77768446964e-21,1.77768466214e-21,1.77768462342e-21,interior,1.08289807353e-07,True,1
joint_bootstrap,exponential,1e+22,116,7.43922440143e-24,7.43922431538e-24,4.14272203963e-23,upper,1.15678693454e-08,True,1
joint_bootstrap,exponential,1e+24,116,3.49343426653e-26,3.49343450627e-26,2.02543394487e-24,upper,6.86252156939e-08,True,1
joint_bootstrap,exponential,1e+19,117,2.36630624703e-20,2.3663061917e-20,2.3663062972e-20,interior,4.45844605886e-08,True,1
joint_bootstrap,exponential,1e+20,117,1.81828544219e-21,1.81828463197e-21,1.8182843943e-21,interior,5.76305180434e-07,True,1
joint_bootstrap,exponential,1e+22,117,7.43825874954e-24,7.4382584871e-24,7.17499091835e-23,upper,3.52836104722e-08,True,1
joint_bootstrap,exponential,1e+24,117,3.492721887e-26,3.49272200671e-26,3.53605016432e-24,upper,3.42749565102e-08,True,1
joint_bootstrap,exponential,1e+19,118,2.35796556697e-20,2.35796577675e-20,2.357965958e-20,interior,1.6583059771e-07,True,1
joint_bootstrap,exponential,1e+20,118,1.78204664378e-21,1.78204665539e-21,1.78204671174e-21,interior,3.81324800745e-08,True,1
joint_bootstrap,exponential,1e+22,118,7.43862131915e-24,7.43862178176e-24,4.77674871061e-23,upper,6.21897711009e-08,True,1
joint_bootstrap,exponential,1e+24,118,3.49295263354e-26,3.49295239294e-26,2.3334489897e-24,upper,6.88828166639e-08,True,1
joint_bootstrap,exponential,1e+19,119,2.35760126509e-20,2.35760109489e-20,2.35760110432e-20,interior,7.21945576261e-08,True,1
joint_bootstrap,exponential,1e+20,119,1.76354868765e-21,1.76354822189e-21,1.7635468645e-21,interior,1.03379865272e-06,True,1
joint_bootstrap,exponential,1e+22,119,7.43858866669e-24,7.4385884889e-24,3.63333876539e-23,upper,2.39016568629e-08,True,1
joint_bootstrap,exponential,1e+24,119,3.49305784853e-26,3.49305760808e-26,1.72664735308e-24,upper,6.88371560199e-08,True,1
joint_bootstrap,exponential,1e+19,120,2.36275065924e-20,2.36275049605e-20,2.3627505111e-20,interior,6.9065739719e-08,True,1
joint_bootstrap,exponential,1e+20,120,1.80847212757e-21,1.80847261911e-21,1.80847399174e-21,interior,1.03080038715e-06,True,1
joint_bootstrap,exponential,1e+22,120,7.43850493159e-24,7.43850454093e-24,7.01836911548e-23,upper,5.25177035581e-08,True,1
joint_bootstrap,exponential,1e+24,120,3.49294434522e-26,3.49294410448e-26,3.4229797676e-24,upper,6.8921328719e-08,True,1
joint_bootstrap,exponential,1e+19,121,2.35900750171e-20,2.35900757374e-20,2.35900753007e-20,interior,3.05334602822e-08,True,1
joint_bootstrap,exponential,1e+20,121,1.81311968328e-21,1.81311979918e-21,1.81311983524e-21,interior,8.38109594236e-08,True,1
joint_bootstrap,exponential,1e+22,121,7.4389977615e-24,7.43899800999e-24,7.18199557445e-23,upper,3.3403552403e-08,True,1
joint_bootstrap,exponential,1e+24,121,3.49341041441e-26,3.49341042137e-26,3.5480046853e-24,upper,1.99324036743e-09,True,1
joint_bootstrap,exponential,1e+19,122,2.35458159657e-20,2.35458163491e-20,2.35458136934e-20,interior,1.127850307e-07,True,1
joint_bootstrap,exponential,1e+20,122,1.76968284867e-21,1.76968236139e-21,1.76968223826e-21,interior,3.44927708165e-07,True,1
joint_bootstrap,exponential,1e+22,122,7.43943576107e-24,7.43943621951e-24,3.55640822601e-23,upper,6.16226679197e-08,True,1
joint_bootstrap,exponential,1e+24,122,3.49362682388e-26,3.49362682346e-26,1.74862277327e-24,upper,1.18705588882e-10,True,1
joint_bootstrap,exponential,1e+19,123,2.41304015036e-20,2.41304045721e-20,2.41304036228e-20,interior,1.27163058317e-07,True,1
joint_bootstrap,exponential,1e+20,123,1.79856023159e-21,1.79856096169e-21,1.79856215928e-21,interior,1.07179951068e-06,True,1
joint_bootstrap,exponential,1e+22,123,7.43786086494e-24,7.4378606018e-24,5.07919795154e-23,upper,3.53772411335e-08,True,1
joint_bootstrap,exponential,1e+24,123,3.4923400945e-26,3.49234033425e-26,2.33429541697e-24,upper,6.86510853628e-08,True,1
joint_bootstrap,exponential,1e+19,124,2.36296226142e-20,2.36296201132e-20,2.36296212733e-20,interior,1.05841634135e-07,True,1
joint_bootstrap,exponential,1e+20,124,1.81892386885e-21,1.81892409396e-21,1.818924056e-21,interior,1.23761806762e-07,True,1
joint_bootstrap,exponential,1e+22,124,7.4386407265e-24,7.43864131452e-24,7.4210615229e-23,upper,7.90500577202e-08,True,1
joint_bootstrap,exponential,1e+24,124,3.49300569996e-26,3.49300593998e-26,3.65171948541e-24,upper,6.87144318129e-08,True,1
joint_bootstrap,exponential,1e+19,125,2.36411211167e-20,2.36411195902e-20,2.36411186531e-20,interior,1.0420755845e-07,True,1
joint_bootstrap,exponential,1e+20,125,1.79769273366e-21,1.79769227587e-21,1.79769256179e-21,interior,2.54657329801e-07,True,1
joint_bootstrap,exponential,1e+22,125,7.43978156701e-24,7.43978155968e-24,5.92642965112e-23,upper,9.8530747721e-10,True,1
joint_bootstrap,exponential,1e+24,125,3.49536714897e-26,3.49536726869e-26,2.89996665275e-24,upper,3.42516351969e-08,True,1
joint_bootstrap,exponential,1e+19,126,2.37392094883e-20,2.37392124682e-20,2.37392049995e-20,interior,3.14614216796e-07,True,1
joint_bootstrap,exponential,1e+20,126,1.79262601615e-21,1.79262587784e-21,1.7926259801e-21,interior,7.71563453633e-08,True,1
joint_bootstrap,exponential,1e+22,126,7.43919595308e-24,7.43919641078e-24,5.52931599874e-23,upper,6.15244646515e-08,True,1
joint_bootstrap,exponential,1e+24,126,3.49349325197e-26,3.49349301179e-26,2.64680008766e-24,upper,6.87516250111e-08,True,1
joint_bootstrap,exponential,1e+19,127,2.3638616589e-20,2.36386178042e-20,2.36386174717e-20,interior,5.14072023328e-08,True,1
joint_bootstrap,exponential,1e+20,127,1.79804720827e-21,1.79804699989e-21,1.79804722913e-21,interior,1.2749005592e-07,True,1
joint_bootstrap,exponential,1e+22,127,7.43902071124e-24,7.43902083178e-24,6.00720601262e-23,upper,1.62044299965e-08,True,1
joint_bootstrap,exponential,1e+24,127,3.49303858704e-26,3.49303845438e-26,2.93394253386e-24,upper,3.79800179328e-08,True,1
joint_bootstrap,exponential,1e+19,128,2.37451327671e-20,2.37451341207e-20,2.37451342088e-20,interior,6.07189009166e-08,True,1
joint_bootstrap,exponential,1e+20,128,1.78455976596e-21,1.78455975425e-21,1.78455983353e-21,interior,4.44236175731e-08,True,1
joint_bootstrap,exponential,1e+22,128,7.4393615877e-24,7.43936132485e-24,4.56584741861e-23,upper,3.5332596332e-08,True,1
joint_bootstrap,exponential,1e+24,128,3.49359268509e-26,3.4935929231e-26,2.19567016668e-24,upper,6.81264424377e-08,True,1
joint_bootstrap,exponential,1e+19,129,2.35876158749e-20,2.35876171428e-20,2.35876175296e-20,interior,7.01516341178e-08,True,1
joint_bootstrap,exponential,1e+20,129,1.7704349122e-21,1.77043483347e-21,1.77043489464e-21,interior,4.44701172055e-08,True,1
joint_bootstrap,exponential,1e+22,129,7.43813034674e-24,7.43813053004e-24,3.91887522407e-23,upper,2.4643473041e-08,True,1
joint_bootstrap,exponential,1e+24,129,3.492651414e-26,3.4926515503e-26,1.88923766941e-24,upper,3.90244029646e-08,True,1
joint_bootstrap,exponential,1e+19,130,2.35743232339e-20,2.35743256802e-20,2.35743267913e-20,interior,1.50904191953e-07,True,1
joint_bootstrap,exponential,1e+20,130,1.79572528433e-21,1.79572557e-21,1.79572457939e-21,interior,5.51646177884e-07,True,1
joint_bootstrap,exponential,1e+22,130,7.43976977881e-24,7.43977002696e-24,5.43258446403e-23,upper,3.33547798311e-08,True,1
joint_bootstrap,exponential,1e+24,130,3.49383889862e-26,3.49383903877e-26,2.71869711676e-24,upper,4.01139077143e-08,True,1
joint_bootstrap,exponential,1e+19,131,2.35819123942e-20,2.35819117602e-20,2.35819115026e-20,interior,3.78088420167e-08,True,1
joint_bootstrap,exponential,1e+20,131,1.76158997754e-21,1.76158971966e-21,1.7615895574e-21,interior,2.38501754631e-07,True,1
joint_bootstrap,exponential,1e+22,131,7.43981349093e-24,7.43981335618e-24,3.29263481553e-23,upper,1.81117457527e-08,True,1
joint_bootstrap,exponential,1e+24,131,3.49363546769e-26,3.49363558737e-26,1.57090585035e-24,upper,3.42577038779e-08,True,1
joint_bootstrap,exponential,1e+19,132,2.35138856124e-20,2.35138874261e-20,2.35138861926e-20,interior,7.71341005734e-08,True,1
joint_bootstrap,exponential,1e+20,132,1.76285917442e-21,1.76285924453e-21,1.76285938809e-21,interior,1.21206697161e-07,True,1
joint_bootstrap,exponential,1e+22,132,7.44073971194e-24,7.44073957708e-24,3.5970355232e-23,upper,1.81248078463e-08,True,1
joint_bootstrap,exponential,1e+24,132,3.49448630861e-26,3.49448606776e-26,1.72774210077e-24,upper,6.89227570918e-08,True,1
joint_bootstrap,exponential,1e+19,133,2.36563647072e-20,2.36563661277e-20,2.36563682766e-20,interior,1.50885821881e-07,True,1
joint_bootstrap,exponential,1e+20,133,1.84768268465e-21,1.84768272519e-21,3.5016690599e-21,upper,2.19399681445e-08,True,1
joint_bootstrap,exponential,1e+22,133,7.43905210466e-24,7.43905196956e-24,1.04345002666e-22,upper,1.81608458852e-08,True,1
joint_bootstrap,exponential,1e+24,133,3.49302606312e-26,3.49302620453e-26,5.1448678847e-24,upper,4.04847263531e-08,True,1
joint_bootstrap,exponential,1e+19,134,2.41482087942e-20,2.41482141069e-20,2.41482159686e-20,interior,2.97098836115e-07,True,1
joint_bootstrap,exponential,1e+20,134,1.84764165882e-21,1.84764168391e-21,2.45871795485e-21,upper,1.35808048066e-08,True,1
joint_bootstrap,exponential,1e+22,134,7.43933077088e-24,7.43933037999e-24,6.93300567939e-23,upper,5.25437558023e-08,True,1
joint_bootstrap,exponential,1e+24,134,3.49330710169e-26,3.49330686113e-26,3.20367757389e-24,upper,6.88630516179e-08,True,1
joint_bootstrap,exponential,1e+19,135,2.36520983622e-20,2.3652097725e-20,2.36520994809e-20,interior,7.42374257571e-08,True,1
joint_bootstrap,exponential,1e+20,135,1.76151326663e-21,1.7615131469e-21,1.76151327241e-21,interior,7.12496073952e-08,True,1
joint_bootstrap,exponential,1e+22,135,7.43966586366e-24,7.43966645196e-24,2.73536672601e-23,upper,7.90760538551e-08,True,1
joint_bootstrap,exponential,1e+24,135,3.49381279269e-26,3.49381267249e-26,1.32080775569e-24,upper,3.44040151495e-08,True,1
joint_bootstrap,exponential,1e+19,136,2.35938056885e-20,2.35938058127e-20,2.35938111357e-20,interior,2.30871742741e-07,True,1
joint_bootstrap,exponential,1e+20,136,1.79060219386e-21,1.79060188814e-21,1.79060203202e-21,interior,1.70735475442e-07,True,1
joint_bootstrap,exponential,1e+22,136,7.43897479837e-24,7.43897480784e-24,5.69024684519e-23,upper,1.27364489777e-09,True,1
joint_bootstrap,exponential,1e+24,136,3.49332794007e-26,3.49332785444e-26,2.76791301029e-24,upper,2.45128104583e-08,True,1
joint_bootstrap,exponential,1e+19,137,2.35385422861e-20,2.35385454966e-20,2.35385487314e-20,interior,2.73818446587e-07,True,1
joint_bootstrap,exponential,1e+20,137,1.78609156946e-21,1.78609116416e-21,1.78609111542e-21,interior,2.54206429426e-07,True,1
joint_bootstrap,exponential,1e+22,137,7.43900359411e-24,7.43900361532e-24,4.6742559937e-23,upper,2.85184900506e-09,True,1
joint_bootstrap,exponential,1e+24,137,3.49327911298e-26,3.49327911212e-26,2.34344619993e-24,upper,2.47951637196e-10,True,1
joint_bootstrap,exponential,1e+19,138,2.35806630072e-20,2.35806639658e-20,2.35806657468e-20,interior,1.16180920557e-07,True,1
joint_bootstrap,exponential,1e+20,138,1.78204390096e-21,1.78204399679e-21,1.78204414787e-21,interior,1.38556467477e-07,True,1
joint_bootstrap,exponential,1e+22,138,7.43898940268e-24,7.43898897492e-24,4.76617579776e-23,upper,5.75028975377e-08,True,1
joint_bootstrap,exponential,1e+24,138,3.49290884149e-26,3.49290872101e-26,2.32809006788e-24,upper,3.44921991269e-08,True,1
joint_bootstrap,exponential,1e+19,139,2.35583240328e-20,2.35583242398e-20,2.3558325586e-20,interior,6.59296899231e-08,True,1
joint_bootstrap,exponential,1e+20,139,1.79515331156e-21,1.79515282065e-21,1.79515228394e-21,interior,5.72443699958e-07,True,1
joint_bootstrap,exponential,1e+22,139,7.43994988695e-24,7.43994949644e-24,5.64875201312e-23,upper,5.24874147902e-08,True,1
joint_bootstrap,exponential,1e+24,139,3.49379429314e-26,3.49379405223e-26,2.80865712745e-24,upper,6.89549208739e-08,True,1
joint_bootstrap,exponential,1e+19,140,2.36523075535e-20,2.36523097996e-20,2.36523111811e-20,interior,1.53371648749e-07,True,1
joint_bootstrap,exponential,1e+20,140,1.84755820246e-21,1.84755812137e-21,2.71130250076e-21,upper,4.38910598986e-08,True,1
joint_bootstrap,exponential,1e+22,140,7.43912285074e-24,7.43912330904e-24,7.96627716582e-23,upper,6.16075051593e-08,True,1
joint_bootstrap,exponential,1e+24,140,3.49343163242e-26,3.49343175239e-26,3.86362867827e-24,upper,3.43424609719e-08,True,1
joint_bootstrap,exponential,1e+19,141,2.37409053511e-20,2.37409064893e-20,2.37409095129e-20,interior,1.75302577897e-07,True,1
joint_bootstrap,exponential,1e+20,141,1.77278460987e-21,1.77278465816e-21,1.77278466072e-21,interior,2.86879882683e-08,True,1
joint_bootstrap,exponential,1e+22,141,7.43857921376e-24,7.4385793404e-24,3.55735231424e-23,upper,1.70244421246e-08,True,1
joint_bootstrap,exponential,1e+24,141,3.49291885083e-26,3.49291897037e-26,1.70289245279e-24,upper,3.42227102584e-08,True,1
joint_bootstrap,exponential,1e+19,142,2.36138053744e-20,2.36138059558e-20,2.36138091183e-20,interior,1.5854920632e-07,True,1
joint_bootstrap,exponential,1e+20,142,1.78389996698e-21,1.7838999633e-21,1.78389997824e-21,interior,8.37341244874e-09,True,1
joint_bootstrap,exponential,1e+22,142,7.43930572339e-24,7.43930631112e-24,4.72751632419e-23,upper,7.90025781027e-08,True,1
joint_bootstrap,exponential,1e+24,142,3.49348893921e-26,3.49348907345e-26,2.31317390666e-24,upper,3.84242062029e-08,True,1
joint_bootstrap,exponential,1e+19,143,2.35937737494e-20,2.35937744507e-20,2.35937763598e-20,interior,1.10641513109e-07,True,1
joint_bootstrap,exponential,1e+20,143,1.78104448856e-21,1.7810444294e-21,1.78104458328e-21,interior,8.63981066304e-08,True,1
joint_bootstrap,exponential,1e+22,143,7.43863997301e-24,7.4386402134e-24,4.45872559155e-23,upper,3.23161832822e-08,True,1
joint_bootstrap,exponential,1e+24,143,3.49294231982e-26,3.49294231966e-26,2.18942718155e-24,upper,4.70043547823e-11,True,1
joint_bootstrap,exponential,1e+19,144,2.36660470199e-20,2.36660491927e-20,2.36660527333e-20,interior,2.4141893152e-07,True,1
joint_bootstrap,exponential,1e+20,144,1.78126745141e-21,1.78126727399e-21,1.78126739335e-21,interior,9.96034084312e-08,True,1
joint_bootstrap,exponential,1e+22,144,7.43803984098e-24,7.43803984692e-24,4.6545712564e-23,upper,7.98055323214e-10,True,1
joint_bootstrap,exponential,1e+24,144,3.4925264269e-26,3.4925264052e-26,2.23938645138e-24,upper,6.21453711175e-09,True,1
joint_bootstrap,exponential,1e+19,145,2.35918762095e-20,2.35918720351e-20,2.35918761571e-20,interior,1.76944340121e-07,True,1
joint_bootstrap,exponential,1e+20,145,1.80709347854e-21,1.8070921596e-21,1.80709055067e-21,interior,1.6202097876e-06,True,1
joint_bootstrap,exponential,1e+22,145,7.43973315571e-24,7.43973288439e-24,6.07820422722e-23,upper,3.64685910983e-08,True,1
joint_bootstrap,exponential,1e+24,145,3.49451660512e-26,3.49451631972e-26,3.06877762464e-24,upper,8.16710797379e-08,True,1
joint_bootstrap,exponential,1e+19,146,2.36138011502e-20,2.36138021917e-20,2.36137961531e-20,interior,2.55720965969e-07,True,1
joint_bootstrap,exponential,1e+20,146,1.78931360872e-21,1.78931363856e-21,1.78931377484e-21,interior,9.28355324515e-08,True,1
joint_bootstrap,exponential,1e+22,146,7.43935110377e-24,7.43935122478e-24,5.51400406117e-23,upper,1.62670675389e-08,True,1
joint_bootstrap,exponential,1e+24,146,3.49326940336e-26,3.49326940217e-26,2.67476251717e-24,upper,3.38774025488e-10,True,1
joint_bootstrap,exponential,1e+19,147,2.35957181103e-20,2.35957172951e-20,2.35957168045e-20,interior,5.53421282177e-08,True,1
joint_bootstrap,exponential,1e+20,147,1.84766657542e-21,1.84766654342e-21,2.70105325401e-21,upper,1.73178532158e-08,True,1
joint_bootstrap,exponential,1e+22,147,7.43980240128e-24,7.43980264962e-24,8.0197031795e-23,upper,3.33794971647e-08,True,1
joint_bootstrap,exponential,1e+24,147,3.4938570201e-26,3.49385701936e-26,3.93777918069e-24,upper,2.11106417717e-10,True,1
joint_bootstrap,exponential,1e+19,148,2.40478641519e-20,2.40478643115e-20,2.40478694376e-20,interior,2.19800434513e-07,True,1
joint_bootstrap,exponential,1e+20,148,1.8475898555e-21,1.84758984047e-21,2.83993857097e-21,upper,8.13421131528e-09,True,1
joint_bootstrap,exponential,1e+22,148,7.43857071817e-24,7.43857042637e-24,8.1313424178e-23,upper,3.92289376858e-08,True,1
joint_bootstrap,exponential,1e+24,148,3.49290849895e-26,3.49290861952e-26,3.82576993171e-24,upper,3.45207654237e-08,True,1
joint_bootstrap,exponential,1e+19,149,2.35946084693e-20,2.35945809453e-20,2.35945757138e-20,interior,1.38826439894e-06,True,1
joint_bootstrap,exponential,1e+20,149,1.80230125343e-21,1.80230099655e-21,1.80229976741e-21,interior,8.24510620192e-07,True,1
joint_bootstrap,exponential,1e+22,149,7.43952052844e-24,7.43952083636e-24,5.94189389855e-23,upper,4.13887137562e-08,True,1
joint_bootstrap,exponential,1e+24,149,3.49369028704e-26,3.49369054441e-26,2.97045971649e-24,upper,7.36663358256e-08,True,1
joint_bootstrap,exponential,1e+19,150,2.43089192331e-20,2.43089232758e-20,2.43089251249e-20,interior,2.42371165248e-07,True,1
joint_bootstrap,exponential,1e+20,150,1.84755159787e-21,1.84755159748e-21,3.00169625875e-21,upper,2.11358352456e-10,True,1
joint_bootstrap,exponential,1e+22,150,7.43868169235e-24,7.43868194149e-24,8.26398620976e-23,upper,3.34920475895e-08,True,1
joint_bootstrap,exponential,1e+24,150,3.49308063538e-26,3.49308073499e-26,3.71310611126e-24,upper,2.85163554775e-08,True,1
joint_bootstrap,exponential,1e+19,151,2.34877707807e-20,2.3487771609e-20,2.3487771142e-20,interior,3.52645684563e-08,True,1
joint_bootstrap,exponential,1e+20,151,1.77497660331e-21,1.77497698457e-21,1.77497681771e-21,interior,2.14795032967e-07,True,1
joint_bootstrap,exponential,1e+22,151,7.43940550368e-24,7.43940529579e-24,4.80322910256e-23,upper,2.79441157549e-08,True,1
joint_bootstrap,exponential,1e+24,151,3.49353655556e-26,3.49353656133e-26,2.32698927952e-24,upper,1.65342892066e-09,True,1
joint_bootstrap,exponential,1e+19,152,2.35786763851e-20,2.35786762203e-20,2.35786732373e-20,interior,1.33504039547e-07,True,1
joint_bootstrap,exponential,1e+20,152,1.7728456861e-21,1.77284570993e-21,1.77284550037e-21,interior,1.182048259e-07,True,1
joint_bootstrap,exponential,1e+22,152,7.43938467806e-24,7.43938526493e-24,3.70097626528e-23,upper,7.88867125988e-08,True,1
joint_bootstrap,exponential,1e+24,152,3.49393190914e-26,3.49393166839e-26,1.81999133988e-24,upper,6.89069774027e-08,True,1
joint_bootstrap,exponential,1e+19,153,2.36229433092e-20,2.36229421829e-20,2.36229421009e-20,interior,5.11481509147e-08,True,1
joint_bootstrap,exponential,1e+20,153,1.79299480574e-21,1.79299501368e-21,1.79299523099e-21,interior,2.37173454549e-07,True,1
joint_bootstrap,exponential,1e+22,153,7.43910680122e-24,7.43910738952e-24,5.22594445066e-23,upper,7.9082174332e-08,True,1
joint_bootstrap,exponential,1e+24,153,3.49321707231e-26,3.49321698937e-26,2.5876275407e-24,upper,2.37436187783e-08,True,1
joint_bootstrap,exponential,1e+19,154,2.35963565406e-20,2.35963581327e-20,2.35963611316e-20,interior,1.94566195634e-07,True,1
joint_bootstrap,exponential,1e+20,154,1.78765329032e-21,1.78765397153e-21,1.78765380938e-21,interior,3.81059911634e-07,True,1
joint_bootstrap,exponential,1e+22,154,7.43880042574e-24,7.43880016278e-24,4.89581893799e-23,upper,3.53487937422e-08,True,1
joint_bootstrap,exponential,1e+24,154,3.49291906027e-26,3.49291920022e-26,2.42111660867e-24,upper,4.006653117e-08,True,1
joint_bootstrap,exponential,1e+19,155,2.38330058737e-20,2.38330079423e-20,2.3833011439e-20,interior,2.33513243007e-07,True,1
joint_bootstrap,exponential,1e+20,155,1.78938266278e-21,1.78938292291e-21,1.78938251431e-21,interior,2.28349341645e-07,True,1
joint_bootstrap,exponential,1e+22,155,7.43981840928e-24,7.43981853052e-24,4.80236282621e-23,upper,1.62950548535e-08,True,1
joint_bootstrap,exponential,1e+24,155,3.49393518654e-26,3.49393515345e-26,2.28912491348e-24,upper,9.47195040571e-09,True,1
joint_bootstrap,exponential,1e+19,156,2.35953023942e-20,2.3595302769e-20,2.35953056171e-20,interior,1.36591581396e-07,True,1
joint_bootstrap,exponential,1e+20,156,1.78507497269e-21,1.78507484501e-21,1.78507492341e-21,interior,7.15279644217e-08,True,1
joint_bootstrap,exponential,1e+22,156,7.43930077017e-24,7.43930037977e-24,4.61299141654e-23,upper,5.24785280614e-08,True,1
joint_bootstrap,exponential,1e+24,156,3.49319150524e-26,3.49319174466e-26,2.28397505055e-24,upper,6.85380303309e-08,True,1
joint_bootstrap,exponential,1e+19,157,2.36033359898e-20,2.36033378161e-20,2.36033369412e-20,interior,7.73752927182e-08,True,1
joint_bootstrap,exponential,1e+20,157,1.81568720353e-21,1.81568692783e-21,1.81568681879e-21,interior,2.11899558137e-07,True,1
joint_bootstrap,exponential,1e+22,157,7.43921430774e-24,7.43921391713e-24,7.7301769102e-23,upper,5.2506425697e-08,True,1
joint_bootstrap,exponential,1e+24,157,3.49349462488e-26,3.49349452548e-26,3.75967781657e-24,upper,2.84525045893e-08,True,1
joint_bootstrap,exponential,1e+19,158,2.38072686791e-20,2.3807267143e-20,2.38072672644e-20,interior,6.45206744943e-08,True,1
joint_bootstrap,exponential,1e+20,158,1.79133949133e-21,1.7913395425e-21,1.79133945702e-21,interior,4.77174950069e-08,True,1
joint_bootstrap,exponential,1e+22,158,7.43882581049e-24,7.43882542001e-24,5.41375482526e-23,upper,5.24920887162e-08,True,1
joint_bootstrap,exponential,1e+24,158,3.49318408732e-26,3.49318396668e-26,2.55561214192e-24,upper,3.45358432398e-08,True,1
joint_bootstrap,exponential,1e+19,159,2.36532763605e-20,2.36532784136e-20,2.36532788182e-20,interior,1.03905512951e-07,True,1
joint_bootstrap,exponential,1e+20,159,1.84745306061e-21,1.84745299835e-21,2.50291080708e-21,upper,3.37016435752e-08,True,1
joint_bootstrap,exponential,1e+22,159,7.43802076034e-24,7.43802063962e-24,7.50305347126e-23,upper,1.62298011083e-08,True,1
joint_bootstrap,exponential,1e+24,159,3.49261812764e-26,3.49261836732e-26,3.72564350928e-24,upper,6.86256076729e-08,True,1
joint_bootstrap,exponential,1e+19,160,2.37311387428e-20,2.37311387908e-20,2.37311402229e-20,interior,6.23713985404e-08,True,1
joint_bootstrap,exponential,1e+20,160,1.77846201772e-21,1.77846206401e-21,1.778462216e-21,interior,1.11489930247e-07,True,1
joint_bootstrap,exponential,1e+22,160,7.43994847464e-24,7.43994906095e-24,4.18296214572e-23,upper,7.88060811055e-08,True,1
joint_bootstrap,exponential,1e+24,160,3.49406195637e-26,3.49406207641e-26,2.00017311832e-24,upper,3.43554945048e-08,True,1
joint_bootstrap,exponential,1e+19,161,2.3670268654e-20,2.36702730993e-20,2.36702767199e-20,interior,3.40762668517e-07,True,1
joint_bootstrap,exponential,1e+20,161,1.78343740514e-21,1.78343751852e-21,1.78343770635e-21,interior,1.68890379713e-07,True,1
joint_bootstrap,exponential,1e+22,161,7.43872317643e-24,7.43872300469e-24,4.77267267919e-23,upper,2.30873403154e-08,True,1
joint_bootstrap,exponential,1e+24,161,3.493037313e-26,3.49303719312e-26,2.30230887856e-24,upper,3.43211221144e-08,True,1
joint_bootstrap,exponential,1e+19,162,2.36117925925e-20,2.36117931477e-20,2.36117931265e-20,interior,2.35107895408e-08,True,1
joint_bootstrap,exponential,1e+20,162,1.75565276134e-21,1.75565262957e-21,1.75565367462e-21,interior,5.95244770642e-07,True,1
joint_bootstrap,exponential,1e+22,162,7.43921307285e-24,7.43921281042e-24,2.56357687202e-23,upper,3.52769784664e-08,True,1
joint_bootstrap,exponential,1e+24,162,3.49349286985e-26,3.49349286945e-26,1.22703274709e-24,upper,1.14517927649e-10,True,1
joint_bootstrap,exponential,1e+19,163,2.35875315025e-20,2.35875325195e-20,2.35875329322e-20,interior,6.06130966022e-08,True,1
joint_bootstrap,exponential,1e+20,163,1.7691117035e-21,1.76911202153e-21,1.76911199446e-21,interior,1.79764639043e-07,True,1
joint_bootstrap,exponential,1e+22,163,7.43892703457e-24,7.43892762176e-24,3.7981405586e-23,upper,7.89344920622e-08,True,1
joint_bootstrap,exponential,1e+24,163,3.49335820089e-26,3.49335808068e-26,1.82985037689e-24,upper,3.44113816008e-08,True,1
joint_bootstrap,exponential,1e+19,164,2.38369160441e-20,2.38369171463e-20,2.38369195646e-20,interior,1.4769151192e-07,True,1
joint_bootstrap,exponential,1e+20,164,1.79026272048e-21,1.7902626313e-21,1.79026261929e-21,interior,5.65272911017e-08,True,1
joint_bootstrap,exponential,1e+22,164,7.43939738029e-24,7.43939737326e-24,4.88859735216e-23,upper,9.4562493421e-10,True,1
joint_bootstrap,exponential,1e+24,164,3.493586983e-26,3.49358698212e-26,2.32951828584e-24,upper,2.52734370823e-10,True,1
joint_bootstrap,exponential,1e+19,165,2.37633145256e-20,2.3763310623e-20,2.37633095364e-20,interior,2.09953150705e-07,True,1
joint_bootstrap,exponential,1e+20,165,1.79205073577e-21,1.7920537474e-21,1.7920557688e-21,interior,2.80852635687e-06,True,1
joint_bootstrap,exponential,1e+22,165,7.43922171209e-24,7.43922197338e-24,5.26104234097e-23,upper,3.51241314865e-08,True,1
joint_bootstrap,exponential,1e+24,165,3.49343343048e-26,3.49343356831e-26,2.52482521582e-24,upper,3.94526623946e-08,True,1
joint_bootstrap,exponential,1e+19,166,2.35498488859e-20,2.35498501355e-20,2.35498492968e-20,interior,5.30654672113e-08,True,1
joint_bootstrap,exponential,1e+20,166,1.77617005298e-21,1.77616919321e-21,1.77616838267e-21,interior,9.40398092326e-07,True,1
joint_bootstrap,exponential,1e+22,166,7.43883988234e-24,7.43883961981e-24,4.61276727179e-23,upper,3.52923633426e-08,True,1
joint_bootstrap,exponential,1e+24,166,3.49327590533e-26,3.49327590519e-26,2.23218675869e-24,upper,4.16271712912e-11,True,1
joint_bootstrap,exponential,1e+19,167,2.36239944501e-20,2.36239962221e-20,2.36239967107e-20,interior,9.56887335664e-08,True,1
joint_bootstrap,exponential,1e+20,167,1.78701270326e-21,1.78701318866e-21,1.78701342346e-21,interior,4.03021465146e-07,True,1
joint_bootstrap,exponential,1e+22,167,7.43891229892e-24,7.4389119167e-24,5.12937034675e-23,upper,5.1381631465e-08,True,1
joint_bootstrap,exponential,1e+24,167,3.49327913341e-26,3.49327908939e-26,2.49742702998e-24,upper,1.26022959906e-08,True,1
joint_bootstrap,exponential,1e+19,168,2.36599806555e-20,2.36599839569e-20,2.36599856281e-20,interior,2.10170334535e-07,True,1
joint_bootstrap,exponential,1e+20,168,1.78328296534e-21,1.78328289429e-21,1.78328290322e-21,interior,3.98439042172e-08,True,1
joint_bootstrap,exponential,1e+22,168,7.43946389697e-24,7.43946390474e-24,4.680860829e-23,upper,1.04463274526e-09,True,1
joint_bootstrap,exponential,1e+24,168,3.49330742165e-26,3.49330718115e-26,2.26747948326e-24,upper,6.88462803326e-08,True,1
joint_bootstrap,exponential,1e+19,169,2.35366454573e-20,2.35366450628e-20,2.35366408396e-20,interior,1.96190396231e-07,True,1
joint_bootstrap,exponential,1e+20,169,1.769716295e-21,1.76971615079e-21,1.76971622948e-21,interior,8.14876321436e-08,True,1
joint_bootstrap,exponential,1e+22,169,7.43856804572e-24,7.43856829423e-24,3.61644054551e-23,upper,3.34081240932e-08,True,1
joint_bootstrap,exponential,1e+24,169,3.49306838965e-26,3.49306826922e-26,1.77828617279e-24,upper,3.44755570835e-08,True,1
joint_bootstrap,exponential,1e+19,170,2.39067089953e-20,2.39067103835e-20,2.39067107876e-20,interior,7.49700630033e-08,True,1
joint_bootstrap,exponential,1e+20,170,1.79398547012e-21,1.79398531539e-21,1.79398529966e-21,interior,9.50202832069e-08,True,1
joint_bootstrap,exponential,1e+22,170,7.43975394014e-24,7.43975372566e-24,5.25538013906e-23,upper,2.88276829568e-08,True,1
joint_bootstrap,exponential,1e+24,170,3.49396294918e-26,3.49396270849e-26,2.46871070423e-24,upper,6.8886352727e-08,True,1
joint_bootstrap,exponential,1e+19,171,2.37326589736e-20,2.37326596443e-20,2.37326579907e-20,interior,6.96786260052e-08,True,1
joint_bootstrap,exponential,1e+20,171,1.80525481049e-21,1.80525554849e-21,1.80525600714e-21,interior,6.62870700233e-07,True,1
joint_bootstrap,exponential,1e+22,171,7.4393815024e-24,7.43938162293e-24,6.03885470916e-23,upper,1.62011479647e-08,True,1
joint_bootstrap,exponential,1e+24,171,3.49339386044e-26,3.49339361962e-26,2.95753287166e-24,upper,6.89380004781e-08,True,1
joint_bootstrap,exponential,1e+19,172,2.35030879708e-20,2.35030915246e-20,2.35030926048e-20,interior,1.97165699653e-07,True,1
joint_bootstrap,exponential,1e+20,172,1.75178597025e-21,1.75178582002e-21,1.75178583e-21,interior,8.57579310826e-08,True,1
joint_bootstrap,exponential,1e+22,172,7.43938464899e-24,7.43938419341e-24,2.66038657666e-23,upper,6.12390080481e-08,True,1
joint_bootstrap,exponential,1e+24,172,3.49336900809e-26,3.49336902055e-26,1.27373273771e-24,upper,3.567887761e-09,True,1
joint_bootstrap,exponential,1e+19,173,2.36372127037e-20,2.36372122128e-20,2.36372139166e-20,interior,7.20811696923e-08,True,1
joint_bootstrap,exponential,1e+20,173,1.79539100707e-21,1.79539091874e-21,1.79539102233e-21,interior,5.76957243149e-08,True,1
joint_bootstrap,exponential,1e+22,173,7.43861049438e-24,7.43861074296e-24,5.93813755858e-23,upper,3.34178900782e-08,True,1
joint_bootstrap,exponential,1e+24,173,3.49251316294e-26,3.49251341368e-26,2.88349492158e-24,upper,7.17944162569e-08,True,1
joint_bootstrap,exponential,1e+19,174,2.35969613868e-20,2.35969653111e-20,2.35969661396e-20,interior,2.01414892462e-07,True,1
joint_bootstrap,exponential,1e+20,174,1.7800076693e-21,1.78000733461e-21,1.7800075164e-21,interior,1.88029500224e-07,True,1
joint_bootstrap,exponential,1e+22,174,7.43867725594e-24,7.43867771417e-24,4.34056693981e-23,upper,6.1601195799e-08,True,1
joint_bootstrap,exponential,1e+24,174,3.49282982127e-26,3.49282982068e-26,2.13143480826e-24,upper,1.69899673072e-10,True,1
joint_bootstrap,exponential,1e+19,175,2.38359527385e-20,2.38359570614e-20,2.3835960009e-20,interior,3.05022838348e-07,True,1
joint_bootstrap,exponential,1e+20,175,1.78576185607e-21,1.7857617493e-21,1.78576073548e-21,interior,6.27512244279e-07,True,1
joint_bootstrap,exponential,1e+22,175,7.43856604042e-24,7.43856564995e-24,4.62408905857e-23,upper,5.24922453791e-08,True,1
joint_bootstrap,exponential,1e+24,175,3.49254756255e-26,3.49254744172e-26,2.18792126417e-24,upper,3.45964597023e-08,True,1
joint_bootstrap,exponential,1e+19,176,2.35759280725e-20,2.35759284326e-20,2.35759298141e-20,interior,7.38734695229e-08,True,1
joint_bootstrap,exponential,1e+20,176,1.76330482551e-21,1.76330495133e-21,1.76330496497e-21,interior,7.90891247832e-08,True,1
joint_bootstrap,exponential,1e+22,176,7.43864620085e-24,7.43864619349e-24,3.34793756868e-23,upper,9.88819656313e-10,True,1
joint_bootstrap,exponential,1e+24,176,3.4930579484e-26,3.49305818856e-26,1.60843032741e-24,upper,6.87531718768e-08,True,1
joint_bootstrap,exponential,1e+19,177,2.36573907023e-20,2.36573875637e-20,2.36573891345e-20,interior,1.32667749691e-07,True,1
joint_bootstrap,exponential,1e+20,177,1.80852733421e-21,1.80852785192e-21,1.808527946e-21,interior,3.38280580589e-07,True,1
joint_bootstrap,exponential,1e+22,177,7.43985881649e-24,7.43985927414e-24,6.25755010558e-23,upper,6.15127965815e-08,True,1
joint_bootstrap,exponential,1e+24,177,3.4938471577e-26,3.49384739738e-26,3.11412799938e-24,upper,6.86008645085e-08,True,1
joint_bootstrap,exponential,1e+19,178,2.35528307179e-20,2.35528286841e-20,2.35528244319e-20,interior,2.66889293093e-07,True,1
joint_bootstrap,exponential,1e+20,178,1.78841587745e-21,1.7884166224e-21,1.7884154697e-21,interior,6.44533413137e-07,True,1
joint_bootstrap,exponential,1e+22,178,7.43890568385e-24,7.43890614209e-24,5.55153388608e-23,upper,6.15992911626e-08,True,1
joint_bootstrap,exponential,1e+24,178,3.49324069348e-26,3.49324065313e-26,2.71442572355e-24,upper,1.15503423115e-08,True,1
joint_bootstrap,exponential,1e+19,179,2.42309597034e-20,2.42309592221e-20,2.42309641203e-20,interior,2.0214582484e-07,True,1
joint_bootstrap,exponential,1e+20,179,1.84766560227e-21,1.84766564063e-21,2.64004205428e-21,upper,2.07613578106e-08,True,1
joint_bootstrap,exponential,1e+22,179,7.43954328797e-24,7.4395437462e-24,7.35056959915e-23,upper,6.15932113125e-08,True,1
joint_bootstrap,exponential,1e+24,179,3.49364995254e-26,3.4936498321e-26,3.34670315233e-24,upper,3.44737121866e-08,True,1
joint_bootstrap,exponential,1e+19,180,2.3578194732e-20,2.35781973399e-20,2.35781991301e-20,interior,1.86531487155e-07,True,1
joint_bootstrap,exponential,1e+20,180,1.77643855133e-21,1.77643840092e-21,1.77643856126e-21,interior,9.02611128509e-08,True,1
joint_bootstrap,exponential,1e+22,180,7.43992007347e-24,7.4399201943e-24,4.45305473534e-23,upper,1.62408102159e-08,True,1
joint_bootstrap,exponential,1e+24,180,3.49386187601e-26,3.49386175561e-26,2.15583899374e-24,upper,3.4459842106e-08,True,1
joint_bootstrap,exponential,1e+19,181,2.3597945801e-20,2.3597947193e-20,2.35979466496e-20,interior,5.89869007619e-08,True,1
joint_bootstrap,exponential,1e+20,181,1.76515276917e-21,1.76515307721e-21,1.76515315318e-21,interior,2.1754765263e-07,True,1
joint_bootstrap,exponential,1e+22,181,7.43847333431e-24,7.43847388439e-24,3.65421357138e-23,upper,7.39501592226e-08,True,1
joint_bootstrap,exponential,1e+24,181,3.49279995789e-26,3.49279994494e-26,1.73853943386e-24,upper,3.70642673024e-09,True,1
joint_bootstrap,exponential,1e+19,182,2.36329752385e-20,2.36329778856e-20,2.36329783209e-20,interior,1.30426383454e-07,True,1
joint_bootstrap,exponential,1e+20,182,1.77794738391e-21,1.77794748947e-21,1.77794738936e-21,interior,5.93672147824e-08,True,1
joint_bootstrap,exponential,1e+22,182,7.43990131094e-24,7.43990118308e-24,4.25688232169e-23,upper,1.71863596041e-08,True,1
joint_bootstrap,exponential,1e+24,182,3.49404064983e-26,3.49404076933e-26,2.06576775241e-24,upper,3.42017574814e-08,True,1
joint_bootstrap,exponential,1e+19,183,2.35592307579e-20,2.35592313621e-20,2.35592321698e-20,interior,5.99299899331e-08,True,1
joint_bootstrap,exponential,1e+20,183,1.84752850828e-21,1.84752851215e-21,2.32822158001e-21,upper,2.09781377608e-09,True,1
joint_bootstrap,exponential,1e+22,183,7.43906598681e-24,7.43906598131e-24,7.16878184897e-23,upper,7.39521840135e-10,True,1
joint_bootstrap,exponential,1e+24,183,3.49335169726e-26,3.493351817e-26,3.67346876041e-24,upper,3.42777952949e-08,True,1
joint_bootstrap,exponential,1e+19,184,2.3773769226e-20,2.37737707564e-20,2.3773771453e-20,interior,9.36735361933e-08,True,1
joint_bootstrap,exponential,1e+20,184,1.7766197174e-21,1.77661954134e-21,1.77661964395e-21,interior,9.91000432905e-08,True,1
joint_bootstrap,exponential,1e+22,184,7.43827572589e-24,7.43827566727e-24,4.07626129594e-23,upper,7.8809939135e-09,True,1
joint_bootstrap,exponential,1e+24,184,3.49277968913e-26,3.49277968891e-26,1.92684581771e-24,upper,6.05380479112e-11,True,1
joint_bootstrap,exponential,1e+19,185,2.42724751277e-20,2.42724759771e-20,2.42724794218e-20,interior,1.76909346448e-07,True,1
joint_bootstrap,exponential,1e+20,185,1.81642356852e-21,1.81642381093e-21,1.81642400184e-21,interior,2.38552041399e-07,True,1
joint_bootstrap,exponential,1e+22,185,7.4393957774e-24,7.43939602571e-24,6.40838039506e-23,upper,3.33775773977e-08,True,1
joint_bootstrap,exponential,1e+24,185,3.49342366631e-26,3.49342379032e-26,2.87726341919e-24,upper,3.55006220492e-08,True,1
joint_bootstrap,exponential,1e+19,186,2.35291676976e-20,2.35291690426e-20,2.35291657661e-20,interior,1.39254920974e-07,True,1
joint_bootstrap,exponential,1e+20,186,1.76726594593e-21,1.76726587707e-21,1.76726574393e-21,interior,1.1430273044e-07,True,1
joint_bootstrap,exponential,1e+22,186,7.44121153293e-24,7.44121152575e-24,3.65846265198e-23,upper,9.64328183854e-10,True,1
joint_bootstrap,exponential,1e+24,186,3.49510210051e-26,3.49510223479e-26,1.77994460468e-24,upper,3.84187847283e-08,True,1
joint_bootstrap,exponential,1e+19,187,2.35091586942e-20,2.35091589675e-20,2.35091594098e-20,interior,3.04364338038e-08,True,1
joint_bootstrap,exponential,1e+20,187,1.76759559904e-21,1.76759569201e-21,1.76759575502e-21,interior,8.82443610163e-08,True,1
joint_bootstrap,exponential,1e+22,187,7.43901224246e-24,7.43901197924e-24,4.03173075024e-23,upper,3.53838120669e-08,True,1
joint_bootstrap,exponential,1e+24,187,3.49338748928e-26,3.49338748934e-26,1.9442665883e-24,upper,1.85499021069e-11,True,1
joint_bootstrap,exponential,1e+19,188,2.40112586132e-20,2.40112586506e-20,2.40112604951e-20,interior,7.8377018481e-08,True,1
joint_bootstrap,exponential,1e+20,188,1.79194165338e-21,1.79194143743e-21,1.79194153841e-21,interior,1.20512680288e-07,True,1
joint_bootstrap,exponential,1e+22,188,7.4389566086e-24,7.43895660135e-24,4.52461034628e-23,upper,9.7410517284e-10,True,1
joint_bootstrap,exponential,1e+24,188,3.49332907484e-26,3.49332895384e-26,2.1259054524e-24,upper,3.46392766206e-08,True,1
joint_bootstrap,exponential,1e+19,189,2.35530013081e-20,2.3553001253e-20,2.35530015355e-20,interior,1.1994024603e-08,True,1
joint_bootstrap,exponential,1e+20,189,1.78582510869e-21,1.7858253739e-21,1.78582417128e-21,interior,6.73428722157e-07,True,1
joint_bootstrap,exponential,1e+22,189,7.43972144654e-24,7.43972118398e-24,5.26808181268e-23,upper,3.52921956508e-08,True,1
joint_bootstrap,exponential,1e+24,189,3.49382181348e-26,3.4938218131e-26,2.57646650995e-24,upper,1.06758459167e-10,True,1
joint_bootstrap,exponential,1e+19,190,2.42652326357e-20,2.42652336866e-20,2.42652347054e-20,interior,8.5295441248e-08,True,1
joint_bootstrap,exponential,1e+20,190,1.80537271788e-21,1.80537260823e-21,1.80537271694e-21,interior,6.07325617145e-08,True,1
joint_bootstrap,exponential,1e+22,190,7.43999013679e-24,7.4399903852e-24,5.58348957344e-23,upper,3.33883104666e-08,True,1
joint_bootstrap,exponential,1e+24,190,3.49407157913e-26,3.49407145796e-26,2.50782652951e-24,upper,3.46763047308e-08,True,1
joint_bootstrap,exponential,1e+19,191,2.35381533237e-20,2.35381570841e-20,2.35381554579e-20,interior,1.59758500153e-07,True,1
joint_bootstrap,exponential,1e+20,191,1.8038107805e-21,1.80380948642e-21,1.8038079618e-21,interior,1.56264195663e-06,True,1
joint_bootstrap,exponential,1e+22,191,7.43867301295e-24,7.43867328531e-24,6.89767034775e-23,upper,3.66148064841e-08,True,1
joint_bootstrap,exponential,1e+24,191,3.49302362484e-26,3.49302376327e-26,3.39318173015e-24,upper,3.96327406881e-08,True,1
joint_bootstrap,exponential,1e+19,192,2.37424009231e-20,2.37424042887e-20,2.37424074629e-20,interior,2.75449011438e-07,True,1
joint_bootstrap,exponential,1e+20,192,1.8476005595e-21,1.84760062967e-21,2.7277572168e-21,upper,3.79762474203e-08,True,1
joint_bootstrap,exponential,1e+22,192,7.43908149697e-24,7.43908208449e-24,7.98031555694e-23,upper,7.89770468258e-08,True,1
joint_bootstrap,exponential,1e+24,192,3.49336855051e-26,3.49336869613e-26,3.85102422803e-24,upper,4.16846762235e-08,True,1
joint_bootstrap,exponential,1e+19,193,2.35562790799e-20,2.35562781452e-20,2.35562827294e-20,interior,1.94604668497e-07,True,1
joint_bootstrap,exponential,1e+20,193,1.77871560612e-21,1.77871515853e-21,1.77871526489e-21,interior,2.51639473603e-07,True,1
joint_bootstrap,exponential,1e+22,193,7.43911563603e-24,7.4391157568e-24,4.4814964242e-23,upper,1.62341738455e-08,True,1
joint_bootstrap,exponential,1e+24,193,3.49341118461e-26,3.49341106486e-26,2.19602121273e-24,upper,3.42792747532e-08,True,1
joint_bootstrap,exponential,1e+19,194,2.35409079979e-20,2.35409116241e-20,2.3540911634e-20,interior,1.54459117132e-07,True,1
joint_bootstrap,exponential,1e+20,194,1.75997464097e-21,1.75997455384e-21,1.75997459475e-21,interior,4.95068431749e-08,True,1
joint_bootstrap,exponential,1e+22,194,7.43958573913e-24,7.43958632835e-24,3.14474760719e-23,upper,7.92003201179e-08,True,1
joint_bootstrap,exponential,1e+24,194,3.49348582241e-26,3.49348558191e-26,1.51303518178e-24,upper,6.88417852019e-08,True,1
joint_bootstrap,exponential,1e+19,195,2.42546195108e-20,2.42546223113e-20,2.4254626015e-20,interior,2.68161259188e-07,True,1
joint_bootstrap,exponential,1e+20,195,1.80350081246e-21,1.80350126892e-21,1.80350107029e-21,interior,2.53098885865e-07,True,1
joint_bootstrap,exponential,1e+22,195,7.43932367967e-24,7.43932387089e-24,5.55654662726e-23,upper,2.57048580237e-08,True,1
joint_bootstrap,exponential,1e+24,195,3.49357453878e-26,3.49357441815e-26,2.48768361391e-24,upper,3.45303728494e-08,True,1
joint_bootstrap,exponential,1e+19,196,2.35963846505e-20,2.35963854966e-20,2.35963904379e-20,interior,2.45266274764e-07,True,1
joint_bootstrap,exponential,1e+20,196,1.80185854538e-21,1.80185798472e-21,1.80185483431e-21,interior,2.05958526029e-06,True,1
joint_bootstrap,exponential,1e+22,196,7.43900628578e-24,7.43900651076e-24,6.59610177677e-23,upper,3.02441309009e-08,True,1
joint_bootstrap,exponential,1e+24,196,3.49335257517e-26,3.49335269424e-26,3.22297927882e-24,upper,3.40855256877e-08,True,1
joint_bootstrap,exponential,1e+19,197,2.36099613757e-20,2.36099643615e-20,2.36099681536e-20,interior,2.87075787075e-07,True,1
joint_bootstrap,exponential,1e+20,197,1.78321549711e-21,1.78321550388e-21,1.78321557795e-21,interior,4.53308718288e-08,True,1
joint_bootstrap,exponential,1e+22,197,7.4394406274e-24,7.43944090837e-24,4.84837206026e-23,upper,3.77683896656e-08,True,1
joint_bootstrap,exponential,1e+24,197,3.49368864787e-26,3.49368888754e-26,2.3578738019e-24,upper,6.86009874004e-08,True,1
joint_bootstrap,exponential,1e+19,198,2.40106283401e-20,2.40106326413e-20,2.40106283321e-20,interior,1.79469875321e-07,True,1
joint_bootstrap,exponential,1e+20,198,1.82034659844e-21,1.8203466024e-21,1.82034709955e-21,interior,2.75281426494e-07,True,1
joint_bootstrap,exponential,1e+22,198,7.43973712976e-24,7.4397370476e-24,6.76641648269e-23,upper,1.10441057812e-08,True,1
joint_bootstrap,exponential,1e+24,198,3.49379823484e-26,3.49379799396e-26,3.18644878005e-24,upper,6.89465911406e-08,True,1
joint_bootstrap,exponential,1e+19,199,2.35302989806e-20,2.35302971093e-20,2.35302977101e-20,interior,7.95257811503e-08,True,1
joint_bootstrap,exponential,1e+20,199,1.78027353625e-21,1.78027360419e-21,1.78027360967e-21,interior,4.12382046696e-08,True,1
joint_bootstrap,exponential,1e+22,199,7.4390578489e-24,7.43905830694e-24,4.8120957788e-23,upper,6.1571846826e-08,True,1
joint_bootstrap,exponential,1e+24,199,3.49332568336e-26,3.49332605933e-26,2.35550069579e-24,upper,1.0762433873e-07,True,1
